Reporting_Airline,Origin,Dest,Flights,AvgDelay,Distance
AA,ATL,BOS,24,10.516666666666667,807.4619289340102
AA,ATL,CLT,11,-2.0181818181818185,843.3989637305699
AA,ATL,DEN,19,1.2315789473684209,804.2209944751381
AA,ATL,DFW,13,8.03076923076923,777.4787234042553
AA,ATL,IAH,22,6.031818181818181,785.7715736040609
AA,ATL,JFK,21,12.138095238095238,782.7303921568628
AA,ATL,LAS,24,2.891666666666667,804.6227272727273
AA,ATL,LAX,17,7.188235294117647,785.655
AA,ATL,MCO,16,1.74375,797.8756476683938
AA,ATL,MIA,16,3.36875,790.5970149253732
AA,ATL,ORD,17,2.2294117647058824,805.3066037735849
AA,ATL,PHX,16,-1.3562500000000002,800.9834254143647
AA,ATL,SEA,24,4.65,798.0098039215686
AA,ATL,SFO,21,4.538095238095238,793.1024390243903
AA,BOS,ATL,13,5.169230769230769,779.0952380952381
AA,BOS,CLT,19,3.1368421052631574,820.0291262135922
AA,BOS,DEN,27,4.107407407407408,793.0725388601036
AA,BOS,DFW,18,4.205555555555556,826.3589743589744
AA,BOS,IAH,16,7.25,824.7981220657277
AA,BOS,JFK,12,3.4500000000000006,843.0944444444444
AA,BOS,LAS,17,2.8529411764705883,792.4460784313726
AA,BOS,LAX,19,2.5894736842105264,835.981308411215
AA,BOS,MCO,24,8.783333333333333,830.7377049180328
AA,BOS,MIA,24,5.941666666666666,808.589519650655
AA,BOS,ORD,14,5.914285714285714,810.25
AA,BOS,PHX,11,7.090909090909091,813.726368159204
AA,BOS,SEA,30,8.976666666666667,784.3476394849786
AA,BOS,SFO,16,-0.59375,798.5779816513761
AA,CLT,ATL,16,7.550000000000001,798.1116751269036
AA,CLT,BOS,15,3.353333333333333,775.32
AA,CLT,DEN,20,0.2899999999999999,768.135265700483
AA,CLT,DFW,16,-2.0625,802.9563106796116
AA,CLT,IAH,16,5.975,771.9597989949749
AA,CLT,JFK,24,5.654166666666668,810.1881188118812
AA,CLT,LAS,24,3.8833333333333333,804.5642458100559
AA,CLT,LAX,24,6.05,800.9435897435898
AA,CLT,MCO,17,7.429411764705883,805.4028436018957
AA,CLT,MIA,16,5.475,786.1904761904761
AA,CLT,ORD,21,5.671428571428571,831.7637362637363
AA,CLT,PHX,20,3.55,822.6117021276596
AA,CLT,SEA,16,13.60625,798.6986899563319
AA,CLT,SFO,23,6.173913043478261,806.3930348258707
AA,DEN,ATL,21,2.0238095238095237,802.2378640776699
AA,DEN,BOS,21,-1.5761904761904764,751.7365853658537
AA,DEN,CLT,27,4.133333333333333,767.3484162895927
AA,DEN,DFW,16,7.23125,780.903743315508
AA,DEN,IAH,12,1.6166666666666665,807.5217391304348
AA,DEN,JFK,23,3.182608695652174,814.1857142857143
AA,DEN,LAS,24,1.1500000000000001,811.6698113207547
AA,DEN,LAX,16,-0.85625,767.1557788944724
AA,DEN,MCO,24,8.2125,807.2153110047847
AA,DEN,MIA,23,6.782608695652174,795.7177033492823
AA,DEN,ORD,22,1.2863636363636362,820.5048076923077
AA,DEN,PHX,19,5.294736842105263,792.6989795918367
AA,DEN,SEA,22,3.2454545454545456,804.3710407239819
AA,DEN,SFO,27,4.9,805.3365853658537
AA,DFW,ATL,23,0.1826086956521738,800.2707423580786
AA,DFW,BOS,21,8.4,829.4619047619047
AA,DFW,CLT,21,9.847619047619048,823.6022099447514
AA,DFW,DEN,19,10.984210526315788,815.4227272727272
AA,DFW,IAH,17,4.947058823529412,764.6564102564103
AA,DFW,JFK,27,3.0666666666666664,829.7533039647577
AA,DFW,LAS,21,0.9380952380952382,772.2401960784314
AA,DFW,LAX,16,1.1062500000000002,827.5970149253732
AA,DFW,MCO,12,5.108333333333333,756.1207729468599
AA,DFW,MIA,22,4.404545454545454,817.574074074074
AA,DFW,ORD,15,6.273333333333334,782.7061611374407
AA,DFW,PHX,18,3.577777777777778,836.0390243902439
AA,DFW,SEA,19,0.3894736842105264,807.3317757009346
AA,DFW,SFO,20,-3.09,819.2880434782609
AA,IAH,ATL,16,3.875,801.1135135135136
AA,IAH,BOS,26,1.4615384615384615,807.639175257732
AA,IAH,CLT,19,2.2315789473684204,785.8984771573604
AA,IAH,DEN,17,2.070588235294118,806.2829268292683
AA,IAH,DFW,21,6.29047619047619,800.8712871287129
AA,IAH,JFK,21,4.552380952380952,783.2338308457712
AA,IAH,LAS,18,3.172222222222222,807.57
AA,IAH,LAX,26,4.407692307692308,802.9121951219512
AA,IAH,MCO,18,3.127777777777778,785.9065420560747
AA,IAH,MIA,19,11.963157894736844,808.0909090909091
AA,IAH,ORD,12,2.041666666666666,769.2216494845361
AA,IAH,PHX,19,4.515789473684211,822.3131313131313
AA,IAH,SEA,29,2.0517241379310347,817.9073170731707
AA,IAH,SFO,28,7.182142857142856,780.3412322274881
AA,JFK,ATL,15,11.139999999999999,788.8011049723757
AA,JFK,BOS,25,1.368,793.4207920792079
AA,JFK,CLT,21,7.857142857142857,803.7582938388625
AA,JFK,DEN,21,0.3238095238095238,800.5792349726776
AA,JFK,DFW,25,7.476,825.3722943722944
AA,JFK,IAH,16,7.2125,809.3696682464455
AA,JFK,LAS,20,4.545,847.1869158878504
AA,JFK,LAX,25,1.936,805.9859813084112
AA,JFK,MCO,31,6.825806451612903,771.4
AA,JFK,MIA,12,0.8416666666666663,797.359375
AA,JFK,ORD,16,5.26875,821.7025641025641
AA,JFK,PHX,20,4.73,780.1590909090909
AA,JFK,SEA,18,4.133333333333334,815.6102564102564
AA,JFK,SFO,17,6.0058823529411764,783.9103773584906
AA,LAS,ATL,21,5.79047619047619,834.9824561403509
AA,LAS,BOS,19,6.336842105263158,773.6030927835052
AA,LAS,CLT,20,6.795,794.5288888888889
AA,LAS,DEN,18,12.25,826.6307692307693
AA,LAS,DFW,26,4.042307692307692,788.812834224599
AA,LAS,IAH,12,-2.2083333333333335,781.5989847715736
AA,LAS,JFK,24,4.170833333333333,800.8048780487804
AA,LAS,LAX,29,4.872413793103449,805.0
AA,LAS,MCO,23,1.6217391304347828,808.0582524271845
AA,LAS,MIA,27,5.059259259259259,773.0634146341464
AA,LAS,ORD,24,6.104166666666667,770.452380952381
AA,LAS,PHX,26,4.696153846153846,800.1493212669683
AA,LAS,SEA,15,1.4466666666666668,828.9117647058823
AA,LAS,SFO,22,3.6636363636363636,798.1231527093596
AA,LAX,ATL,22,8.568181818181818,828.5174129353234
AA,LAX,BOS,22,1.8136363636363635,775.7233009708738
AA,LAX,CLT,29,0.5172413793103446,756.7808988764045
AA,LAX,DEN,20,6.265,792.0697674418604
AA,LAX,DFW,24,5.108333333333333,786.9319371727748
AA,LAX,IAH,18,3.072222222222222,792.6124401913876
AA,LAX,JFK,12,10.366666666666667,796.2446808510638
AA,LAX,LAS,31,8.19032258064516,813.9197860962566
AA,LAX,MCO,17,8.005882352941176,765.9629629629629
AA,LAX,MIA,16,2.18125,811.3015873015873
AA,LAX,ORD,13,6.1461538461538465,819.5124378109452
AA,LAX,PHX,27,0.45925925925925926,817.0892857142857
AA,LAX,SEA,23,8.23913043478261,855.2303664921466
AA,LAX,SFO,20,3.4299999999999997,848.3434343434343
AA,MCO,ATL,21,5.095238095238095,816.7227272727273
AA,MCO,BOS,15,3.2066666666666666,786.8908045977012
AA,MCO,CLT,22,4.790909090909091,798.5598086124402
AA,MCO,DEN,21,5.276190476190476,752.9431279620853
AA,MCO,DFW,19,-2.7368421052631584,809.6732673267327
AA,MCO,IAH,18,6.805555555555555,783.6237623762377
AA,MCO,JFK,23,6.178260869565217,807.5196078431372
AA,MCO,LAS,21,3.461904761904762,783.06
AA,MCO,LAX,29,-3.2965517241379314,794.035175879397
AA,MCO,MIA,22,5.059090909090909,838.9805825242719
AA,MCO,ORD,14,5.778571428571428,780.1862745098039
AA,MCO,PHX,18,1.8444444444444446,778.8669950738916
AA,MCO,SEA,28,11.424999999999999,803.6467889908257
AA,MCO,SFO,15,2.54,821.9505494505495
AA,MIA,ATL,18,4.466666666666667,797.5255102040817
AA,MIA,BOS,20,7.1850000000000005,803.4736842105264
AA,MIA,CLT,25,10.212,817.2010309278351
AA,MIA,DEN,26,3.746153846153846,798.4368932038835
AA,MIA,DFW,13,3.7615384615384615,766.040404040404
AA,MIA,IAH,19,4.963157894736842,772.025
AA,MIA,JFK,21,1.980952380952381,765.0652173913044
AA,MIA,LAS,20,3.91,832.6120218579235
AA,MIA,LAX,19,3.694736842105263,791.4919786096257
AA,MIA,MCO,16,8.5875,813.4656084656085
AA,MIA,ORD,20,5.885,810.4780487804878
AA,MIA,PHX,17,8.629411764705882,785.0297029702971
AA,MIA,SEA,19,9.610526315789473,800.9593908629441
AA,MIA,SFO,21,2.9000000000000004,792.4719101123595
AA,ORD,ATL,16,1.375,803.7914691943128
AA,ORD,BOS,13,6.9692307692307685,786.775
AA,ORD,CLT,24,8.3625,809.0338164251208
AA,ORD,DEN,18,4.5777777777777775,748.5149700598803
AA,ORD,DFW,21,3.9809523809523806,807.280612244898
AA,ORD,IAH,27,2.7518518518518515,798.9742489270386
AA,ORD,JFK,30,4.54,794.7510917030568
AA,ORD,LAS,14,-0.47142857142857153,793.4497354497355
AA,ORD,LAX,24,3.291666666666666,821.8911917098445
AA,ORD,MCO,34,6.970588235294118,828.413953488372
AA,ORD,MIA,19,6.3,778.9392523364486
AA,ORD,PHX,17,8.123529411764705,801.1550802139037
AA,ORD,SEA,24,1.075,823.2944162436548
AA,ORD,SFO,25,2.552,826.6153846153846
AA,PHX,ATL,12,0.7333333333333337,813.2408376963351
AA,PHX,BOS,21,2.719047619047619,811.2487804878049
AA,PHX,CLT,19,3.7473684210526317,769.4162679425838
AA,PHX,DEN,24,3.275,816.8167539267016
AA,PHX,DFW,15,1.1133333333333333,783.7652582159625
AA,PHX,IAH,25,5.452000000000001,760.0742574257425
AA,PHX,JFK,27,6.15925925925926,811.896860986547
AA,PHX,LAS,19,5.931578947368421,820.3365853658537
AA,PHX,LAX,16,0.9999999999999998,795.3473684210526
AA,PHX,MCO,19,3.6473684210526316,816.7098445595855
AA,PHX,MIA,20,2.68,787.5130890052357
AA,PHX,ORD,17,-0.1882352941176467,779.1728971962617
AA,PHX,SEA,25,5.16,784.2119815668203
AA,PHX,SFO,17,0.19999999999999996,786.1313131313132
AA,SEA,ATL,18,6.972222222222222,747.935
AA,SEA,BOS,24,0.8416666666666665,785.2281553398059
AA,SEA,CLT,22,5.527272727272727,831.685393258427
AA,SEA,DEN,22,9.686363636363637,822.4972067039106
AA,SEA,DFW,20,2.5700000000000003,796.0772727272728
AA,SEA,IAH,21,3.761904761904762,778.0761904761905
AA,SEA,JFK,18,7.194444444444445,809.3860465116279
AA,SEA,LAS,17,5.752941176470589,809.6682464454976
AA,SEA,LAX,19,2.8210526315789473,798.7942583732057
AA,SEA,MCO,23,6.421739130434782,795.3695652173913
AA,SEA,MIA,22,13.022727272727273,798.7716894977169
AA,SEA,ORD,17,1.9823529411764707,808.7327188940092
AA,SEA,PHX,20,1.6649999999999998,789.9717514124294
AA,SEA,SFO,16,8.36875,825.2115384615385
AA,SFO,ATL,23,1.939130434782609,796.5406698564593
AA,SFO,BOS,21,1.638095238095238,794.0201005025126
AA,SFO,CLT,23,10.408695652173913,750.6715686274509
AA,SFO,DEN,15,2.1,788.2352941176471
AA,SFO,DFW,20,0.715,820.3678756476684
AA,SFO,IAH,16,5.31875,770.7142857142857
AA,SFO,JFK,32,7.23125,827.4976303317535
AA,SFO,LAS,19,4.121052631578947,803.169014084507
AA,SFO,LAX,19,4.247368421052631,842.0610328638497
AA,SFO,MCO,22,2.2454545454545456,812.7474226804123
AA,SFO,MIA,18,3.6500000000000004,793.0
AA,SFO,ORD,28,0.6749999999999999,820.8169014084507
AA,SFO,PHX,14,3.4999999999999996,774.7638190954774
AA,SFO,SEA,33,2.2606060606060603,752.8284313725491
AS,ATL,BOS,19,6.2210526315789485,807.4619289340102
AS,ATL,CLT,17,4.141176470588236,843.3989637305699
AS,ATL,DEN,17,-3.064705882352941,804.2209944751381
AS,ATL,DFW,26,4.449999999999999,777.4787234042553
AS,ATL,IAH,22,4.827272727272727,785.7715736040609
AS,ATL,JFK,19,2.5052631578947366,782.7303921568628
AS,ATL,LAS,21,1.5714285714285712,804.6227272727273
AS,ATL,LAX,18,2.75,785.655
AS,ATL,MCO,18,6.138888888888889,797.8756476683938
AS,ATL,MIA,26,7.311538461538461,790.5970149253732
AS,ATL,ORD,25,10.344000000000001,805.3066037735849
AS,ATL,PHX,23,5.360869565217391,800.9834254143647
AS,ATL,SEA,19,4.121052631578947,798.0098039215686
AS,ATL,SFO,22,-0.045454545454545456,793.1024390243903
AS,BOS,ATL,20,3.495,779.0952380952381
AS,BOS,CLT,23,2.9130434782608696,820.0291262135922
AS,BOS,DEN,18,-0.7444444444444444,793.0725388601036
AS,BOS,DFW,25,5.744,826.3589743589744
AS,BOS,IAH,24,7.1000000000000005,824.7981220657277
AS,BOS,JFK,23,-0.14347826086956533,843.0944444444444
AS,BOS,LAS,13,14.130769230769232,792.4460784313726
AS,BOS,LAX,18,8.411111111111111,835.981308411215
AS,BOS,MCO,22,9.222727272727273,830.7377049180328
AS,BOS,MIA,18,4.35,808.589519650655
AS,BOS,ORD,29,2.9068965517241376,810.25
AS,BOS,PHX,21,5.104761904761905,813.726368159204
AS,BOS,SEA,19,8.610526315789473,784.3476394849786
AS,BOS,SFO,24,2.8249999999999997,798.5779816513761
AS,CLT,ATL,22,4.618181818181818,798.1116751269036
AS,CLT,BOS,12,11.258333333333333,775.32
AS,CLT,DEN,16,4.35,768.135265700483
AS,CLT,DFW,19,4.457894736842105,802.9563106796116
AS,CLT,IAH,18,6.716666666666667,771.9597989949749
AS,CLT,JFK,21,6.166666666666667,810.1881188118812
AS,CLT,LAS,15,6.013333333333333,804.5642458100559
AS,CLT,LAX,19,5.478947368421053,800.9435897435898
AS,CLT,MCO,21,-0.023809523809523683,805.4028436018957
AS,CLT,MIA,20,6.365,786.1904761904761
AS,CLT,ORD,23,6.439130434782609,831.7637362637363
AS,CLT,PHX,10,11.03,822.6117021276596
AS,CLT,SEA,20,7.709999999999999,798.6986899563319
AS,CLT,SFO,14,3.471428571428571,806.3930348258707
AS,DEN,ATL,32,4.85625,802.2378640776699
AS,DEN,BOS,14,2.6071428571428577,751.7365853658537
AS,DEN,CLT,19,1.1157894736842104,767.3484162895927
AS,DEN,DFW,18,8.1,780.903743315508
AS,DEN,IAH,22,4.168181818181818,807.5217391304348
AS,DEN,JFK,28,10.939285714285715,814.1857142857143
AS,DEN,LAS,16,6.925,811.6698113207547
AS,DEN,LAX,19,2.3736842105263154,767.1557788944724
AS,DEN,MCO,30,-2.2633333333333336,807.2153110047847
AS,DEN,MIA,18,8.172222222222222,795.7177033492823
AS,DEN,ORD,18,5.822222222222221,820.5048076923077
AS,DEN,PHX,13,6.084615384615384,792.6989795918367
AS,DEN,SEA,24,0.5083333333333335,804.3710407239819
AS,DEN,SFO,18,2.6611111111111114,805.3365853658537
AS,DFW,ATL,17,7.794117647058823,800.2707423580786
AS,DFW,BOS,18,5.333333333333333,829.4619047619047
AS,DFW,CLT,19,3.384210526315789,823.6022099447514
AS,DFW,DEN,26,10.407692307692308,815.4227272727272
AS,DFW,IAH,23,4.604347826086957,764.6564102564103
AS,DFW,JFK,20,10.995,829.7533039647577
AS,DFW,LAS,21,4.1,772.2401960784314
AS,DFW,LAX,19,1.868421052631579,827.5970149253732
AS,DFW,MCO,19,-1.3842105263157893,756.1207729468599
AS,DFW,MIA,21,6.7285714285714295,817.574074074074
AS,DFW,ORD,24,3.0125000000000006,782.7061611374407
AS,DFW,PHX,18,5.95,836.0390243902439
AS,DFW,SEA,20,2.1900000000000004,807.3317757009346
AS,DFW,SFO,10,-0.08000000000000007,819.2880434782609
AS,IAH,ATL,15,1.9600000000000002,801.1135135135136
AS,IAH,BOS,10,10.44,807.639175257732
AS,IAH,CLT,19,10.910526315789474,785.8984771573604
AS,IAH,DEN,22,6.927272727272728,806.2829268292683
AS,IAH,DFW,25,3.7560000000000002,800.8712871287129
AS,IAH,JFK,21,0.33809523809523806,783.2338308457712
AS,IAH,LAS,18,7.227777777777778,807.57
AS,IAH,LAX,19,3.5,802.9121951219512
AS,IAH,MCO,24,-0.5958333333333332,785.9065420560747
AS,IAH,MIA,15,12.360000000000001,808.0909090909091
AS,IAH,ORD,21,3.542857142857143,769.2216494845361
AS,IAH,PHX,18,13.11111111111111,822.3131313131313
AS,IAH,SEA,24,8.104166666666666,817.9073170731707
AS,IAH,SFO,21,3.90952380952381,780.3412322274881
AS,JFK,ATL,16,3.66875,788.8011049723757
AS,JFK,BOS,24,3.8625000000000003,793.4207920792079
AS,JFK,CLT,21,7.604761904761904,803.7582938388625
AS,JFK,DEN,15,-5.706666666666667,800.5792349726776
AS,JFK,DFW,23,7.5260869565217385,825.3722943722944
AS,JFK,IAH,30,4.326666666666666,809.3696682464455
AS,JFK,LAS,22,1.2045454545454541,847.1869158878504
AS,JFK,LAX,21,6.828571428571429,805.9859813084112
AS,JFK,MCO,21,0.5952380952380951,771.4
AS,JFK,MIA,19,5.3578947368421055,797.359375
AS,JFK,ORD,16,12.425,821.7025641025641
AS,JFK,PHX,17,12.994117647058824,780.1590909090909
AS,JFK,SEA,25,1.732,815.6102564102564
AS,JFK,SFO,23,1.4173913043478261,783.9103773584906
AS,LAS,ATL,14,5.164285714285714,834.9824561403509
AS,LAS,BOS,21,7.247619047619047,773.6030927835052
AS,LAS,CLT,19,8.9,794.5288888888889
AS,LAS,DEN,20,10.16,826.6307692307693
AS,LAS,DFW,20,1.28,788.812834224599
AS,LAS,IAH,24,1.5583333333333333,781.5989847715736
AS,LAS,JFK,18,9.222222222222221,800.8048780487804
AS,LAS,LAX,16,1.7875000000000003,805.0
AS,LAS,MCO,16,0.36875,808.0582524271845
AS,LAS,MIA,26,4.657692307692307,773.0634146341464
AS,LAS,ORD,20,1.725,770.452380952381
AS,LAS,PHX,25,9.12,800.1493212669683
AS,LAS,SEA,15,0.9133333333333334,828.9117647058823
AS,LAS,SFO,22,5.45,798.1231527093596
AS,LAX,ATL,19,5.842105263157895,828.5174129353234
AS,LAX,BOS,21,1.861904761904762,775.7233009708738
AS,LAX,CLT,22,5.986363636363635,756.7808988764045
AS,LAX,DEN,16,3.9187499999999997,792.0697674418604
AS,LAX,DFW,13,-1.0769230769230769,786.9319371727748
AS,LAX,IAH,20,1.23,792.6124401913876
AS,LAX,JFK,21,3.238095238095238,796.2446808510638
AS,LAX,LAS,7,1.042857142857143,813.9197860962566
AS,LAX,MCO,22,7.395454545454546,765.9629629629629
AS,LAX,MIA,16,2.5625,811.3015873015873
AS,LAX,ORD,24,9.866666666666665,819.5124378109452
AS,LAX,PHX,24,1.0000000000000002,817.0892857142857
AS,LAX,SEA,20,6.459999999999999,855.2303664921466
AS,LAX,SFO,16,0.64375,848.3434343434343
AS,MCO,ATL,17,6.364705882352942,816.7227272727273
AS,MCO,BOS,15,3.0866666666666664,786.8908045977012
AS,MCO,CLT,22,6.090909090909093,798.5598086124402
AS,MCO,DEN,15,2.2800000000000002,752.9431279620853
AS,MCO,DFW,24,0.30833333333333307,809.6732673267327
AS,MCO,IAH,27,5.7518518518518515,783.6237623762377
AS,MCO,JFK,22,3.8863636363636362,807.5196078431372
AS,MCO,LAS,25,3.1439999999999997,783.06
AS,MCO,LAX,19,7.626315789473685,794.035175879397
AS,MCO,MIA,20,6.335,838.9805825242719
AS,MCO,ORD,23,5.739130434782608,780.1862745098039
AS,MCO,PHX,25,2.8760000000000003,778.8669950738916
AS,MCO,SEA,30,1.8133333333333335,803.6467889908257
AS,MCO,SFO,21,4.976190476190476,821.9505494505495
AS,MIA,ATL,22,12.045454545454545,797.5255102040817
AS,MIA,BOS,28,7.178571428571429,803.4736842105264
AS,MIA,CLT,20,2.0650000000000004,817.2010309278351
AS,MIA,DEN,30,4.63,798.4368932038835
AS,MIA,DFW,18,5.405555555555555,766.040404040404
AS,MIA,IAH,23,9.4,772.025
AS,MIA,JFK,13,10.961538461538462,765.0652173913044
AS,MIA,LAS,21,3.6809523809523816,832.6120218579235
AS,MIA,LAX,14,0.36428571428571416,791.4919786096257
AS,MIA,MCO,18,7.522222222222222,813.4656084656085
AS,MIA,ORD,17,2.670588235294117,810.4780487804878
AS,MIA,PHX,20,-2.1100000000000003,785.0297029702971
AS,MIA,SEA,18,3.605555555555555,800.9593908629441
AS,MIA,SFO,14,12.142857142857142,792.4719101123595
AS,ORD,ATL,17,3.3176470588235296,803.7914691943128
AS,ORD,BOS,22,3.786363636363636,786.775
AS,ORD,CLT,14,8.492857142857144,809.0338164251208
AS,ORD,DEN,11,4.890909090909091,748.5149700598803
AS,ORD,DFW,24,0.01249999999999992,807.280612244898
AS,ORD,IAH,23,2.556521739130435,798.9742489270386
AS,ORD,JFK,25,6.5,794.7510917030568
AS,ORD,LAS,23,2.808695652173913,793.4497354497355
AS,ORD,LAX,17,5.876470588235295,821.8911917098445
AS,ORD,MCO,26,7.9,828.413953488372
AS,ORD,MIA,18,6.616666666666667,778.9392523364486
AS,ORD,PHX,18,0.16666666666666666,801.1550802139037
AS,ORD,SEA,13,5.292307692307693,823.2944162436548
AS,ORD,SFO,19,1.8789473684210527,826.6153846153846
AS,PHX,ATL,14,9.178571428571429,813.2408376963351
AS,PHX,BOS,18,4.011111111111111,811.2487804878049
AS,PHX,CLT,26,2.5923076923076924,769.4162679425838
AS,PHX,DEN,16,10.99375,816.8167539267016
AS,PHX,DFW,23,3.9956521739130433,783.7652582159625
AS,PHX,IAH,25,6.436,760.0742574257425
AS,PHX,JFK,22,8.581818181818182,811.896860986547
AS,PHX,LAS,15,8.273333333333333,820.3365853658537
AS,PHX,LAX,19,0.32631578947368417,795.3473684210526
AS,PHX,MCO,20,5.365,816.7098445595855
AS,PHX,MIA,16,-4.05,787.5130890052357
AS,PHX,ORD,20,8.135,779.1728971962617
AS,PHX,SEA,19,1.6263157894736842,784.2119815668203
AS,PHX,SFO,19,-0.2263157894736842,786.1313131313132
AS,SEA,ATL,18,12.372222222222222,747.935
AS,SEA,BOS,19,8.24736842105263,785.2281553398059
AS,SEA,CLT,21,2.3714285714285714,831.685393258427
AS,SEA,DEN,24,3.3208333333333333,822.4972067039106
AS,SEA,DFW,24,5.229166666666667,796.0772727272728
AS,SEA,IAH,21,0.29999999999999977,778.0761904761905
AS,SEA,JFK,24,10.174999999999999,809.3860465116279
AS,SEA,LAS,24,4.425,809.6682464454976
AS,SEA,LAX,24,3.233333333333333,798.7942583732057
AS,SEA,MCO,22,2.122727272727273,795.3695652173913
AS,SEA,MIA,23,5.5260869565217385,798.7716894977169
AS,SEA,ORD,22,3.0136363636363637,808.7327188940092
AS,SEA,PHX,22,1.4727272727272729,789.9717514124294
AS,SEA,SFO,26,3.976923076923077,825.2115384615385
AS,SFO,ATL,23,4.869565217391305,796.5406698564593
AS,SFO,BOS,22,10.886363636363637,794.0201005025126
AS,SFO,CLT,22,5.409090909090909,750.6715686274509
AS,SFO,DEN,17,5.264705882352941,788.2352941176471
AS,SFO,DFW,27,4.811111111111111,820.3678756476684
AS,SFO,IAH,26,3.1692307692307695,770.7142857142857
AS,SFO,JFK,19,7.531578947368421,827.4976303317535
AS,SFO,LAS,25,8.104,803.169014084507
AS,SFO,LAX,20,7.904999999999999,842.0610328638497
AS,SFO,MCO,25,3.5239999999999996,812.7474226804123
AS,SFO,MIA,27,4.407407407407407,793.0
AS,SFO,ORD,18,1.6388888888888888,820.8169014084507
AS,SFO,PHX,13,2.4307692307692306,774.7638190954774
AS,SFO,SEA,20,1.5050000000000001,752.8284313725491
B6,ATL,BOS,19,1.5000000000000004,807.4619289340102
B6,ATL,CLT,18,2.511111111111111,843.3989637305699
B6,ATL,DEN,13,-0.6000000000000003,804.2209944751381
B6,ATL,DFW,21,3.4904761904761905,777.4787234042553
B6,ATL,IAH,15,3.04,785.7715736040609
B6,ATL,JFK,17,6.08235294117647,782.7303921568628
B6,ATL,LAS,17,6.352941176470588,804.6227272727273
B6,ATL,LAX,18,6.366666666666667,785.655
B6,ATL,MCO,12,9.216666666666667,797.8756476683938
B6,ATL,MIA,24,4.5125,790.5970149253732
B6,ATL,ORD,15,-2.24,805.3066037735849
B6,ATL,PHX,14,-3.9071428571428575,800.9834254143647
B6,ATL,SEA,18,8.955555555555556,798.0098039215686
B6,ATL,SFO,26,3.626923076923077,793.1024390243903
B6,BOS,ATL,13,5.753846153846154,779.0952380952381
B6,BOS,CLT,20,3.13,820.0291262135922
B6,BOS,DEN,24,5.3625,793.0725388601036
B6,BOS,DFW,13,2.0153846153846158,826.3589743589744
B6,BOS,IAH,30,3.683333333333333,824.7981220657277
B6,BOS,JFK,16,6.4875,843.0944444444444
B6,BOS,LAS,27,6.325925925925926,792.4460784313726
B6,BOS,LAX,30,1.6533333333333333,835.981308411215
B6,BOS,MCO,16,3.7250000000000005,830.7377049180328
B6,BOS,MIA,29,1.6275862068965519,808.589519650655
B6,BOS,ORD,17,1.7058823529411764,810.25
B6,BOS,PHX,16,10.20625,813.726368159204
B6,BOS,SEA,26,2.7961538461538464,784.3476394849786
B6,BOS,SFO,14,5.45,798.5779816513761
B6,CLT,ATL,23,7.18695652173913,798.1116751269036
B6,CLT,BOS,23,1.452173913043478,775.32
B6,CLT,DEN,29,4.475862068965517,768.135265700483
B6,CLT,DFW,24,4.075,802.9563106796116
B6,CLT,IAH,20,0.12500000000000006,771.9597989949749
B6,CLT,JFK,24,10.75,810.1881188118812
B6,CLT,LAS,22,6.213636363636363,804.5642458100559
B6,CLT,LAX,19,5.010526315789473,800.9435897435898
B6,CLT,MCO,15,4.06,805.4028436018957
B6,CLT,MIA,26,5.9423076923076925,786.1904761904761
B6,CLT,ORD,19,6.410526315789474,831.7637362637363
B6,CLT,PHX,17,7.917647058823529,822.6117021276596
B6,CLT,SEA,27,2.6666666666666665,798.6986899563319
B6,CLT,SFO,21,4.995238095238095,806.3930348258707
B6,DEN,ATL,21,2.7095238095238097,802.2378640776699
B6,DEN,BOS,18,6.527777777777778,751.7365853658537
B6,DEN,CLT,25,2.9160000000000004,767.3484162895927
B6,DEN,DFW,24,5.7375,780.903743315508
B6,DEN,IAH,11,6.218181818181818,807.5217391304348
B6,DEN,JFK,17,3.4411764705882355,814.1857142857143
B6,DEN,LAS,23,5.452173913043478,811.6698113207547
B6,DEN,LAX,20,5.505,767.1557788944724
B6,DEN,MCO,12,-3.1833333333333336,807.2153110047847
B6,DEN,MIA,18,-3.8666666666666663,795.7177033492823
B6,DEN,ORD,23,5.3652173913043475,820.5048076923077
B6,DEN,PHX,22,5.2272727272727275,792.6989795918367
B6,DEN,SEA,22,4.363636363636363,804.3710407239819
B6,DEN,SFO,24,1.2791666666666666,805.3365853658537
B6,DFW,ATL,22,4.372727272727273,800.2707423580786
B6,DFW,BOS,21,0.18095238095238098,829.4619047619047
B6,DFW,CLT,15,3.5933333333333333,823.6022099447514
B6,DFW,DEN,26,4.165384615384616,815.4227272727272
B6,DFW,IAH,18,11.094444444444443,764.6564102564103
B6,DFW,JFK,18,3.933333333333333,829.7533039647577
B6,DFW,LAS,20,4.595000000000001,772.2401960784314
B6,DFW,LAX,18,2.4222222222222225,827.5970149253732
B6,DFW,MCO,18,4.261111111111111,756.1207729468599
B6,DFW,MIA,17,-2.0411764705882356,817.574074074074
B6,DFW,ORD,27,7.807407407407408,782.7061611374407
B6,DFW,PHX,22,3.4181818181818184,836.0390243902439
B6,DFW,SEA,35,2.382857142857143,807.3317757009346
B6,DFW,SFO,26,3.826923076923077,819.2880434782609
B6,IAH,ATL,16,6.3,801.1135135135136
B6,IAH,BOS,13,5.4,807.639175257732
B6,IAH,CLT,27,6.996296296296297,785.8984771573604
B6,IAH,DEN,17,5.5,806.2829268292683
B6,IAH,DFW,25,5.0360000000000005,800.8712871287129
B6,IAH,JFK,21,1.6619047619047618,783.2338308457712
B6,IAH,LAS,22,7.222727272727273,807.57
B6,IAH,LAX,26,2.9846153846153842,802.9121951219512
B6,IAH,MCO,28,9.835714285714285,785.9065420560747
B6,IAH,MIA,20,-1.04,808.0909090909091
B6,IAH,ORD,20,5.665,769.2216494845361
B6,IAH,PHX,18,8.316666666666666,822.3131313131313
B6,IAH,SEA,14,3.2214285714285715,817.9073170731707
B6,IAH,SFO,19,4.468421052631578,780.3412322274881
B6,JFK,ATL,22,4.1409090909090915,788.8011049723757
B6,JFK,BOS,16,3.2500000000000004,793.4207920792079
B6,JFK,CLT,27,3.5333333333333337,803.7582938388625
B6,JFK,DEN,19,2.2894736842105265,800.5792349726776
B6,JFK,DFW,26,7.2846153846153845,825.3722943722944
B6,JFK,IAH,26,3.173076923076923,809.3696682464455
B6,JFK,LAS,33,-1.0545454545454545,847.1869158878504
B6,JFK,LAX,18,4.055555555555555,805.9859813084112
B6,JFK,MCO,18,7.316666666666666,771.4
B6,JFK,MIA,23,7.791304347826086,797.359375
B6,JFK,ORD,13,5.423076923076923,821.7025641025641
B6,JFK,PHX,24,5.304166666666666,780.1590909090909
B6,JFK,SEA,23,3.7652173913043474,815.6102564102564
B6,JFK,SFO,20,3.2700000000000005,783.9103773584906
B6,LAS,ATL,22,3.690909090909091,834.9824561403509
B6,LAS,BOS,18,10.833333333333334,773.6030927835052
B6,LAS,CLT,22,1.5727272727272728,794.5288888888889
B6,LAS,DEN,14,3.028571428571429,826.6307692307693
B6,LAS,DFW,23,0.856521739130435,788.812834224599
B6,LAS,IAH,16,-0.8812499999999999,781.5989847715736
B6,LAS,JFK,12,7.6000000000000005,800.8048780487804
B6,LAS,LAX,17,1.1764705882352942,805.0
B6,LAS,MCO,27,5.2407407407407405,808.0582524271845
B6,LAS,MIA,23,1.0652173913043477,773.0634146341464
B6,LAS,ORD,22,0.0772727272727274,770.452380952381
B6,LAS,PHX,21,6.590476190476189,800.1493212669683
B6,LAS,SEA,18,8.11111111111111,828.9117647058823
B6,LAS,SFO,18,3.7388888888888894,798.1231527093596
B6,LAX,ATL,20,1.3199999999999998,828.5174129353234
B6,LAX,BOS,20,9.48,775.7233009708738
B6,LAX,CLT,10,-2.53,756.7808988764045
B6,LAX,DEN,26,1.8923076923076922,792.0697674418604
B6,LAX,DFW,21,3.4761904761904763,786.9319371727748
B6,LAX,IAH,22,6.05,792.6124401913876
B6,LAX,JFK,20,-0.85,796.2446808510638
B6,LAX,LAS,15,5.906666666666666,813.9197860962566
B6,LAX,MCO,17,0.8529411764705882,765.9629629629629
B6,LAX,MIA,22,1.3409090909090906,811.3015873015873
B6,LAX,ORD,18,5.527777777777778,819.5124378109452
B6,LAX,PHX,17,2.1470588235294117,817.0892857142857
B6,LAX,SEA,11,10.145454545454545,855.2303664921466
B6,LAX,SFO,22,3.936363636363636,848.3434343434343
B6,MCO,ATL,21,5.014285714285715,816.7227272727273
B6,MCO,BOS,15,1.4199999999999997,786.8908045977012
B6,MCO,CLT,19,3.7789473684210524,798.5598086124402
B6,MCO,DEN,29,4.458620689655173,752.9431279620853
B6,MCO,DFW,19,6.131578947368421,809.6732673267327
B6,MCO,IAH,22,2.5636363636363635,783.6237623762377
B6,MCO,JFK,27,9.54814814814815,807.5196078431372
B6,MCO,LAS,17,8.388235294117647,783.06
B6,MCO,LAX,21,9.58095238095238,794.035175879397
B6,MCO,MIA,17,4.358823529411764,838.9805825242719
B6,MCO,ORD,12,8.525,780.1862745098039
B6,MCO,PHX,19,12.673684210526314,778.8669950738916
B6,MCO,SEA,23,1.8826086956521741,803.6467889908257
B6,MCO,SFO,20,5.8549999999999995,821.9505494505495
B6,MIA,ATL,21,5.347619047619047,797.5255102040817
B6,MIA,BOS,14,4.1571428571428575,803.4736842105264
B6,MIA,CLT,21,3.09047619047619,817.2010309278351
B6,MIA,DEN,26,3.1576923076923076,798.4368932038835
B6,MIA,DFW,24,11.429166666666667,766.040404040404
B6,MIA,IAH,14,1.1214285714285714,772.025
B6,MIA,JFK,15,0.9533333333333334,765.0652173913044
B6,MIA,LAS,12,1.5416666666666672,832.6120218579235
B6,MIA,LAX,25,6.632000000000001,791.4919786096257
B6,MIA,MCO,23,7.291304347826086,813.4656084656085
B6,MIA,ORD,21,7.585714285714286,810.4780487804878
B6,MIA,PHX,14,8.628571428571428,785.0297029702971
B6,MIA,SEA,20,5.4,800.9593908629441
B6,MIA,SFO,16,6.71875,792.4719101123595
B6,ORD,ATL,19,5.584210526315789,803.7914691943128
B6,ORD,BOS,19,3.236842105263158,786.775
B6,ORD,CLT,25,6.276,809.0338164251208
B6,ORD,DEN,17,7.394117647058824,748.5149700598803
B6,ORD,DFW,21,2.8619047619047615,807.280612244898
B6,ORD,IAH,30,5.086666666666667,798.9742489270386
B6,ORD,JFK,14,7.735714285714286,794.7510917030568
B6,ORD,LAS,21,5.4523809523809526,793.4497354497355
B6,ORD,LAX,11,8.6,821.8911917098445
B6,ORD,MCO,13,0.3153846153846155,828.413953488372
B6,ORD,MIA,23,10.404347826086957,778.9392523364486
B6,ORD,PHX,21,8.77142857142857,801.1550802139037
B6,ORD,SEA,18,5.561111111111111,823.2944162436548
B6,ORD,SFO,19,2.878947368421053,826.6153846153846
B6,PHX,ATL,20,6.529999999999999,813.2408376963351
B6,PHX,BOS,19,3.7263157894736842,811.2487804878049
B6,PHX,CLT,22,4.109090909090909,769.4162679425838
B6,PHX,DEN,16,2.8875,816.8167539267016
B6,PHX,DFW,15,3.953333333333333,783.7652582159625
B6,PHX,IAH,20,2.59,760.0742574257425
B6,PHX,JFK,26,4.038461538461538,811.896860986547
B6,PHX,LAS,24,4.854166666666667,820.3365853658537
B6,PHX,LAX,21,0.5904761904761906,795.3473684210526
B6,PHX,MCO,16,1.875,816.7098445595855
B6,PHX,MIA,18,9.544444444444444,787.5130890052357
B6,PHX,ORD,24,6.1625000000000005,779.1728971962617
B6,PHX,SEA,24,3.2083333333333335,784.2119815668203
B6,PHX,SFO,19,9.905263157894737,786.1313131313132
B6,SEA,ATL,25,4.504,747.935
B6,SEA,BOS,15,9.073333333333332,785.2281553398059
B6,SEA,CLT,16,4.25625,831.685393258427
B6,SEA,DEN,21,3.395238095238095,822.4972067039106
B6,SEA,DFW,19,5.726315789473684,796.0772727272728
B6,SEA,IAH,19,1.4631578947368418,778.0761904761905
B6,SEA,JFK,25,7.236000000000001,809.3860465116279
B6,SEA,LAS,21,4.6571428571428575,809.6682464454976
B6,SEA,LAX,21,2.6904761904761907,798.7942583732057
B6,SEA,MCO,16,-0.7375,795.3695652173913
B6,SEA,MIA,23,7.591304347826087,798.7716894977169
B6,SEA,ORD,18,4.011111111111111,808.7327188940092
B6,SEA,PHX,12,5.358333333333333,789.9717514124294
B6,SEA,SFO,19,4.88421052631579,825.2115384615385
B6,SFO,ATL,21,6.757142857142857,796.5406698564593
B6,SFO,BOS,28,0.16071428571428584,794.0201005025126
B6,SFO,CLT,15,0.5733333333333331,750.6715686274509
B6,SFO,DEN,28,5.117857142857143,788.2352941176471
B6,SFO,DFW,22,12.168181818181818,820.3678756476684
B6,SFO,IAH,22,8.359090909090908,770.7142857142857
B6,SFO,JFK,28,8.510714285714286,827.4976303317535
B6,SFO,LAS,20,7.065,803.169014084507
B6,SFO,LAX,28,3.125,842.0610328638497
B6,SFO,MCO,25,0.568,812.7474226804123
B6,SFO,MIA,22,5.3545454545454545,793.0
B6,SFO,ORD,20,2.63,820.8169014084507
B6,SFO,PHX,15,7.206666666666666,774.7638190954774
B6,SFO,SEA,23,4.534782608695653,752.8284313725491
DL,ATL,BOS,17,10.641176470588235,807.4619289340102
DL,ATL,CLT,24,7.833333333333333,843.3989637305699
DL,ATL,DEN,20,6.665000000000001,804.2209944751381
DL,ATL,DFW,15,1.26,777.4787234042553
DL,ATL,IAH,14,3.6357142857142857,785.7715736040609
DL,ATL,JFK,25,10.332,782.7303921568628
DL,ATL,LAS,21,8.59047619047619,804.6227272727273
DL,ATL,LAX,21,1.8952380952380952,785.655
DL,ATL,MCO,17,4.870588235294117,797.8756476683938
DL,ATL,MIA,26,4.911538461538462,790.5970149253732
DL,ATL,ORD,22,9.813636363636364,805.3066037735849
DL,ATL,PHX,19,0.5157894736842105,800.9834254143647
DL,ATL,SEA,21,9.738095238095237,798.0098039215686
DL,ATL,SFO,20,1.275,793.1024390243903
DL,BOS,ATL,27,3.8925925925925924,779.0952380952381
DL,BOS,CLT,16,3.2062500000000003,820.0291262135922
DL,BOS,DEN,14,16.55,793.0725388601036
DL,BOS,DFW,19,2.621052631578947,826.3589743589744
DL,BOS,IAH,24,2.6833333333333336,824.7981220657277
DL,BOS,JFK,16,-0.8312499999999998,843.0944444444444
DL,BOS,LAS,18,1.45,792.4460784313726
DL,BOS,LAX,17,3.564705882352941,835.981308411215
DL,BOS,MCO,20,6.635,830.7377049180328
DL,BOS,MIA,21,3.5571428571428574,808.589519650655
DL,BOS,ORD,19,1.9947368421052631,810.25
DL,BOS,PHX,19,3.031578947368421,813.726368159204
DL,BOS,SEA,18,6.138888888888889,784.3476394849786
DL,BOS,SFO,18,11.238888888888887,798.5779816513761
DL,CLT,ATL,18,7.977777777777778,798.1116751269036
DL,CLT,BOS,16,2.4,775.32
DL,CLT,DEN,22,3.186363636363636,768.135265700483
DL,CLT,DFW,21,0.3904761904761907,802.9563106796116
DL,CLT,IAH,24,3.920833333333333,771.9597989949749
DL,CLT,JFK,19,5.842105263157895,810.1881188118812
DL,CLT,LAS,14,-0.7428571428571428,804.5642458100559
DL,CLT,LAX,21,9.58095238095238,800.9435897435898
DL,CLT,MCO,24,9.737499999999999,805.4028436018957
DL,CLT,MIA,21,2.4000000000000004,786.1904761904761
DL,CLT,ORD,23,4.565217391304348,831.7637362637363
DL,CLT,PHX,29,1.682758620689655,822.6117021276596
DL,CLT,SEA,17,3.1529411764705877,798.6986899563319
DL,CLT,SFO,18,10.450000000000001,806.3930348258707
DL,DEN,ATL,22,-1.1,802.2378640776699
DL,DEN,BOS,17,6.5588235294117645,751.7365853658537
DL,DEN,CLT,19,2.3368421052631576,767.3484162895927
DL,DEN,DFW,22,7.0636363636363635,780.903743315508
DL,DEN,IAH,13,3.9538461538461536,807.5217391304348
DL,DEN,JFK,16,-0.6249999999999999,814.1857142857143
DL,DEN,LAS,14,5.5,811.6698113207547
DL,DEN,LAX,19,7.436842105263159,767.1557788944724
DL,DEN,MCO,24,7.029166666666666,807.2153110047847
DL,DEN,MIA,24,-0.31666666666666665,795.7177033492823
DL,DEN,ORD,21,2.561904761904762,820.5048076923077
DL,DEN,PHX,16,10.1,792.6989795918367
DL,DEN,SEA,17,3.3529411764705883,804.3710407239819
DL,DEN,SFO,22,4.309090909090909,805.3365853658537
DL,DFW,ATL,24,7.779166666666666,800.2707423580786
DL,DFW,BOS,25,4.1,829.4619047619047
DL,DFW,CLT,21,2.5333333333333337,823.6022099447514
DL,DFW,DEN,26,8.407692307692308,815.4227272727272
DL,DFW,IAH,16,2.3499999999999996,764.6564102564103
DL,DFW,JFK,26,7.384615384615385,829.7533039647577
DL,DFW,LAS,16,5.6375,772.2401960784314
DL,DFW,LAX,16,6.9625,827.5970149253732
DL,DFW,MCO,21,-0.9000000000000002,756.1207729468599
DL,DFW,MIA,12,14.575000000000001,817.574074074074
DL,DFW,ORD,26,2.223076923076923,782.7061611374407
DL,DFW,PHX,19,2.0052631578947366,836.0390243902439
DL,DFW,SEA,22,1.9409090909090911,807.3317757009346
DL,DFW,SFO,18,3.7055555555555557,819.2880434782609
DL,IAH,ATL,16,0.71875,801.1135135135136
DL,IAH,BOS,12,-0.7166666666666668,807.639175257732
DL,IAH,CLT,21,5.042857142857143,785.8984771573604
DL,IAH,DEN,23,7.278260869565218,806.2829268292683
DL,IAH,DFW,20,7.1850000000000005,800.8712871287129
DL,IAH,JFK,19,12.836842105263159,783.2338308457712
DL,IAH,LAS,20,-0.11499999999999995,807.57
DL,IAH,LAX,20,3.63,802.9121951219512
DL,IAH,MCO,17,4.135294117647058,785.9065420560747
DL,IAH,MIA,25,2.5839999999999996,808.0909090909091
DL,IAH,ORD,18,8.716666666666667,769.2216494845361
DL,IAH,PHX,24,2.8125,822.3131313131313
DL,IAH,SEA,14,-0.9285714285714285,817.9073170731707
DL,IAH,SFO,18,10.055555555555555,780.3412322274881
DL,JFK,ATL,19,7.984210526315789,788.8011049723757
DL,JFK,BOS,20,4.295,793.4207920792079
DL,JFK,CLT,21,7.252380952380953,803.7582938388625
DL,JFK,DEN,12,0.9749999999999996,800.5792349726776
DL,JFK,DFW,28,7.496428571428572,825.3722943722944
DL,JFK,IAH,21,6.171428571428571,809.3696682464455
DL,JFK,LAS,21,2.5857142857142854,847.1869158878504
DL,JFK,LAX,19,11.710526315789474,805.9859813084112
DL,JFK,MCO,14,7.142857142857143,771.4
DL,JFK,MIA,17,4.5588235294117645,797.359375
DL,JFK,ORD,29,4.824137931034483,821.7025641025641
DL,JFK,PHX,20,2.3150000000000004,780.1590909090909
DL,JFK,SEA,17,6.376470588235295,815.6102564102564
DL,JFK,SFO,19,3.905263157894736,783.9103773584906
DL,LAS,ATL,19,5.178947368421053,834.9824561403509
DL,LAS,BOS,17,3.8058823529411767,773.6030927835052
DL,LAS,CLT,21,0.9190476190476189,794.5288888888889
DL,LAS,DEN,21,5.871428571428571,826.6307692307693
DL,LAS,DFW,23,0.12608695652173915,788.812834224599
DL,LAS,IAH,18,2.677777777777778,781.5989847715736
DL,LAS,JFK,23,1.891304347826087,800.8048780487804
DL,LAS,LAX,16,4.825,805.0
DL,LAS,MCO,22,4.245454545454545,808.0582524271845
DL,LAS,MIA,20,10.389999999999999,773.0634146341464
DL,LAS,ORD,20,1.7050000000000005,770.452380952381
DL,LAS,PHX,22,3.786363636363636,800.1493212669683
DL,LAS,SEA,15,3.3933333333333326,828.9117647058823
DL,LAS,SFO,22,0.10454545454545458,798.1231527093596
DL,LAX,ATL,15,3.4066666666666667,828.5174129353234
DL,LAX,BOS,18,3.6277777777777778,775.7233009708738
DL,LAX,CLT,19,7.063157894736841,756.7808988764045
DL,LAX,DEN,17,5.870588235294117,792.0697674418604
DL,LAX,DFW,21,4.676190476190476,786.9319371727748
DL,LAX,IAH,20,3.655,792.6124401913876
DL,LAX,JFK,22,7.968181818181819,796.2446808510638
DL,LAX,LAS,21,4.128571428571428,813.9197860962566
DL,LAX,MCO,21,5.938095238095238,765.9629629629629
DL,LAX,MIA,17,12.07058823529412,811.3015873015873
DL,LAX,ORD,15,8.08,819.5124378109452
DL,LAX,PHX,13,6.976923076923077,817.0892857142857
DL,LAX,SEA,18,5.344444444444445,855.2303664921466
DL,LAX,SFO,13,10.600000000000001,848.3434343434343
DL,MCO,ATL,31,0.39677419354838706,816.7227272727273
DL,MCO,BOS,12,4.8500000000000005,786.8908045977012
DL,MCO,CLT,24,6.6000000000000005,798.5598086124402
DL,MCO,DEN,20,7.975,752.9431279620853
DL,MCO,DFW,18,6.588888888888889,809.6732673267327
DL,MCO,IAH,16,4.21875,783.6237623762377
DL,MCO,JFK,17,4.435294117647059,807.5196078431372
DL,MCO,LAS,22,5.199999999999999,783.06
DL,MCO,LAX,19,7.278947368421053,794.035175879397
DL,MCO,MIA,18,8.272222222222222,838.9805825242719
DL,MCO,ORD,21,7.852380952380953,780.1862745098039
DL,MCO,PHX,17,1.4882352941176473,778.8669950738916
DL,MCO,SEA,24,7.25,803.6467889908257
DL,MCO,SFO,21,6.5476190476190474,821.9505494505495
DL,MIA,ATL,17,4.9529411764705875,797.5255102040817
DL,MIA,BOS,26,-1.1384615384615384,803.4736842105264
DL,MIA,CLT,17,2.958823529411765,817.2010309278351
DL,MIA,DEN,9,11.600000000000001,798.4368932038835
DL,MIA,DFW,29,2.917241379310345,766.040404040404
DL,MIA,IAH,24,7.845833333333332,772.025
DL,MIA,JFK,18,-0.5555555555555557,765.0652173913044
DL,MIA,LAS,24,5.125,832.6120218579235
DL,MIA,LAX,22,8.022727272727273,791.4919786096257
DL,MIA,MCO,28,0.7107142857142856,813.4656084656085
DL,MIA,ORD,22,2.5045454545454544,810.4780487804878
DL,MIA,PHX,23,10.295652173913044,785.0297029702971
DL,MIA,SEA,23,9.530434782608696,800.9593908629441
DL,MIA,SFO,22,7.659090909090909,792.4719101123595
DL,ORD,ATL,26,8.473076923076922,803.7914691943128
DL,ORD,BOS,21,13.433333333333334,786.775
DL,ORD,CLT,26,4.723076923076923,809.0338164251208
DL,ORD,DEN,15,10.193333333333333,748.5149700598803
DL,ORD,DFW,11,3.645454545454545,807.280612244898
DL,ORD,IAH,24,10.208333333333334,798.9742489270386
DL,ORD,JFK,20,5.26,794.7510917030568
DL,ORD,LAS,17,2.911764705882353,793.4497354497355
DL,ORD,LAX,21,6.485714285714285,821.8911917098445
DL,ORD,MCO,25,0.059999999999999665,828.413953488372
DL,ORD,MIA,19,-0.3105263157894737,778.9392523364486
DL,ORD,PHX,17,3.7176470588235295,801.1550802139037
DL,ORD,SEA,22,4.381818181818182,823.2944162436548
DL,ORD,SFO,17,0.32941176470588235,826.6153846153846
DL,PHX,ATL,24,1.3458333333333332,813.2408376963351
DL,PHX,BOS,23,3.2,811.2487804878049
DL,PHX,CLT,22,5.513636363636365,769.4162679425838
DL,PHX,DEN,23,5.78695652173913,816.8167539267016
DL,PHX,DFW,30,1.8333333333333333,783.7652582159625
DL,PHX,IAH,27,4.318518518518518,760.0742574257425
DL,PHX,JFK,21,-0.7904761904761907,811.896860986547
DL,PHX,LAS,31,0.7741935483870968,820.3365853658537
DL,PHX,LAX,21,2.857142857142857,795.3473684210526
DL,PHX,MCO,20,7.3950000000000005,816.7098445595855
DL,PHX,MIA,23,3.9478260869565216,787.5130890052357
DL,PHX,ORD,26,2.3384615384615386,779.1728971962617
DL,PHX,SEA,24,6.845833333333334,784.2119815668203
DL,PHX,SFO,15,10.3,786.1313131313132
DL,SEA,ATL,17,4.211764705882353,747.935
DL,SEA,BOS,21,9.814285714285713,785.2281553398059
DL,SEA,CLT,16,5.1875,831.685393258427
DL,SEA,DEN,8,1.725,822.4972067039106
DL,SEA,DFW,25,3.512,796.0772727272728
DL,SEA,IAH,26,7.811538461538461,778.0761904761905
DL,SEA,JFK,22,0.5000000000000001,809.3860465116279
DL,SEA,LAS,25,3.48,809.6682464454976
DL,SEA,LAX,16,5.69375,798.7942583732057
DL,SEA,MCO,22,1.109090909090909,795.3695652173913
DL,SEA,MIA,19,5.505263157894737,798.7716894977169
DL,SEA,ORD,22,3.3318181818181816,808.7327188940092
DL,SEA,PHX,14,5.457142857142856,789.9717514124294
DL,SEA,SFO,29,1.3482758620689659,825.2115384615385
DL,SFO,ATL,22,1.6772727272727272,796.5406698564593
DL,SFO,BOS,27,5.2592592592592595,794.0201005025126
DL,SFO,CLT,15,-2.113333333333333,750.6715686274509
DL,SFO,DEN,15,-0.3533333333333333,788.2352941176471
DL,SFO,DFW,17,4.570588235294117,820.3678756476684
DL,SFO,IAH,16,0.8937499999999997,770.7142857142857
DL,SFO,JFK,16,6.325,827.4976303317535
DL,SFO,LAS,24,4.429166666666666,803.169014084507
DL,SFO,LAX,20,2.42,842.0610328638497
DL,SFO,MCO,19,9.036842105263156,812.7474226804123
DL,SFO,MIA,10,7.139999999999999,793.0
DL,SFO,ORD,19,1.6526315789473687,820.8169014084507
DL,SFO,PHX,13,3.8846153846153846,774.7638190954774
DL,SFO,SEA,15,2.986666666666667,752.8284313725491
F9,ATL,BOS,14,-1.1642857142857144,807.4619289340102
F9,ATL,CLT,28,4.4071428571428575,843.3989637305699
F9,ATL,DEN,18,4.550000000000001,804.2209944751381
F9,ATL,DFW,18,1.3944444444444444,777.4787234042553
F9,ATL,IAH,18,-2.8611111111111116,785.7715736040609
F9,ATL,JFK,24,3.283333333333333,782.7303921568628
F9,ATL,LAS,22,-0.5181818181818183,804.6227272727273
F9,ATL,LAX,24,3.2458333333333336,785.655
F9,ATL,MCO,20,8.465,797.8756476683938
F9,ATL,MIA,13,-0.6307692307692305,790.5970149253732
F9,ATL,ORD,18,8.077777777777778,805.3066037735849
F9,ATL,PHX,16,5.925,800.9834254143647
F9,ATL,SEA,14,6.421428571428572,798.0098039215686
F9,ATL,SFO,20,14.9,793.1024390243903
F9,BOS,ATL,17,2.0823529411764703,779.0952380952381
F9,BOS,CLT,23,4.817391304347827,820.0291262135922
F9,BOS,DEN,20,4.19,793.0725388601036
F9,BOS,DFW,23,2.526086956521739,826.3589743589744
F9,BOS,IAH,24,6.8625,824.7981220657277
F9,BOS,JFK,17,1.7882352941176474,843.0944444444444
F9,BOS,LAS,30,9.01,792.4460784313726
F9,BOS,LAX,25,2.536,835.981308411215
F9,BOS,MCO,18,3.716666666666667,830.7377049180328
F9,BOS,MIA,28,-1.3821428571428576,808.589519650655
F9,BOS,ORD,20,4.335,810.25
F9,BOS,PHX,22,4.3136363636363635,813.726368159204
F9,BOS,SEA,10,7.340000000000001,784.3476394849786
F9,BOS,SFO,29,6.56551724137931,798.5779816513761
F9,CLT,ATL,22,8.627272727272727,798.1116751269036
F9,CLT,BOS,25,7.588000000000001,775.32
F9,CLT,DEN,20,1.7650000000000001,768.135265700483
F9,CLT,DFW,30,1.976666666666667,802.9563106796116
F9,CLT,IAH,31,7.183870967741935,771.9597989949749
F9,CLT,JFK,11,-0.381818181818182,810.1881188118812
F9,CLT,LAS,13,9.930769230769231,804.5642458100559
F9,CLT,LAX,20,5.665000000000001,800.9435897435898
F9,CLT,MCO,18,3.9166666666666665,805.4028436018957
F9,CLT,MIA,18,3.3000000000000003,786.1904761904761
F9,CLT,ORD,22,3.563636363636364,831.7637362637363
F9,CLT,PHX,19,9.978947368421052,822.6117021276596
F9,CLT,SEA,26,7.773076923076923,798.6986899563319
F9,CLT,SFO,19,-0.052631578947368515,806.3930348258707
F9,DEN,ATL,18,8.538888888888888,802.2378640776699
F9,DEN,BOS,25,5.5920000000000005,751.7365853658537
F9,DEN,CLT,16,-2.8187499999999996,767.3484162895927
F9,DEN,DFW,17,5.329411764705883,780.903743315508
F9,DEN,IAH,17,6.6000000000000005,807.5217391304348
F9,DEN,JFK,20,4.025,814.1857142857143
F9,DEN,LAS,26,11.792307692307693,811.6698113207547
F9,DEN,LAX,12,2.975,767.1557788944724
F9,DEN,MCO,27,1.7296296296296294,807.2153110047847
F9,DEN,MIA,21,8.828571428571427,795.7177033492823
F9,DEN,ORD,24,4.7125,820.5048076923077
F9,DEN,PHX,15,6.7,792.6989795918367
F9,DEN,SEA,25,7.428,804.3710407239819
F9,DEN,SFO,23,0.591304347826087,805.3365853658537
F9,DFW,ATL,25,6.432,800.2707423580786
F9,DFW,BOS,20,4.19,829.4619047619047
F9,DFW,CLT,21,4.3047619047619055,823.6022099447514
F9,DFW,DEN,18,7.744444444444444,815.4227272727272
F9,DFW,IAH,21,6.428571428571429,764.6564102564103
F9,DFW,JFK,18,4.0055555555555555,829.7533039647577
F9,DFW,LAS,21,1.0904761904761904,772.2401960784314
F9,DFW,LAX,22,8.122727272727273,827.5970149253732
F9,DFW,MCO,19,6.673684210526315,756.1207729468599
F9,DFW,MIA,28,5.789285714285714,817.574074074074
F9,DFW,ORD,22,1.4,782.7061611374407
F9,DFW,PHX,16,7.9125000000000005,836.0390243902439
F9,DFW,SEA,12,6.966666666666666,807.3317757009346
F9,DFW,SFO,17,-0.6647058823529413,819.2880434782609
F9,IAH,ATL,18,3.483333333333334,801.1135135135136
F9,IAH,BOS,24,5.2375,807.639175257732
F9,IAH,CLT,17,7.170588235294118,785.8984771573604
F9,IAH,DEN,20,6.57,806.2829268292683
F9,IAH,DFW,22,2.518181818181818,800.8712871287129
F9,IAH,JFK,23,-0.013043478260869441,783.2338308457712
F9,IAH,LAS,17,6.311764705882353,807.57
F9,IAH,LAX,20,5.680000000000001,802.9121951219512
F9,IAH,MCO,23,4.3130434782608695,785.9065420560747
F9,IAH,MIA,24,4.433333333333333,808.0909090909091
F9,IAH,ORD,15,2.6933333333333334,769.2216494845361
F9,IAH,PHX,15,4.486666666666667,822.3131313131313
F9,IAH,SEA,19,5.610526315789474,817.9073170731707
F9,IAH,SFO,19,1.7894736842105263,780.3412322274881
F9,JFK,ATL,21,0.9380952380952382,788.8011049723757
F9,JFK,BOS,21,5.471428571428571,793.4207920792079
F9,JFK,CLT,22,5.218181818181819,803.7582938388625
F9,JFK,DEN,27,3.314814814814815,800.5792349726776
F9,JFK,DFW,18,7.022222222222222,825.3722943722944
F9,JFK,IAH,20,7.590000000000001,809.3696682464455
F9,JFK,LAS,23,1.6173913043478263,847.1869158878504
F9,JFK,LAX,24,5.008333333333333,805.9859813084112
F9,JFK,MCO,22,1.5681818181818181,771.4
F9,JFK,MIA,22,5.7272727272727275,797.359375
F9,JFK,ORD,19,10.6,821.7025641025641
F9,JFK,PHX,19,1.3368421052631578,780.1590909090909
F9,JFK,SEA,17,3.5058823529411764,815.6102564102564
F9,JFK,SFO,21,5.914285714285715,783.9103773584906
F9,LAS,ATL,20,3.5200000000000005,834.9824561403509
F9,LAS,BOS,21,6.514285714285715,773.6030927835052
F9,LAS,CLT,25,7.336,794.5288888888889
F9,LAS,DEN,16,1.90625,826.6307692307693
F9,LAS,DFW,11,6.2272727272727275,788.812834224599
F9,LAS,IAH,16,-2.9625,781.5989847715736
F9,LAS,JFK,28,3.621428571428571,800.8048780487804
F9,LAS,LAX,33,0.2727272727272725,805.0
F9,LAS,MCO,23,1.6869565217391302,808.0582524271845
F9,LAS,MIA,16,4.731249999999999,773.0634146341464
F9,LAS,ORD,21,6.495238095238095,770.452380952381
F9,LAS,PHX,23,0.673913043478261,800.1493212669683
F9,LAS,SEA,13,8.76923076923077,828.9117647058823
F9,LAS,SFO,21,0.9999999999999998,798.1231527093596
F9,LAX,ATL,18,7.322222222222223,828.5174129353234
F9,LAX,BOS,19,-0.7105263157894737,775.7233009708738
F9,LAX,CLT,17,15.770588235294118,756.7808988764045
F9,LAX,DEN,20,5.84,792.0697674418604
F9,LAX,DFW,22,8.272727272727273,786.9319371727748
F9,LAX,IAH,24,3.2624999999999997,792.6124401913876
F9,LAX,JFK,14,6.4071428571428575,796.2446808510638
F9,LAX,LAS,14,11.342857142857143,813.9197860962566
F9,LAX,MCO,14,4.957142857142857,765.9629629629629
F9,LAX,MIA,16,5.268750000000001,811.3015873015873
F9,LAX,ORD,21,11.80952380952381,819.5124378109452
F9,LAX,PHX,19,2.3210526315789477,817.0892857142857
F9,LAX,SEA,20,2.3449999999999998,855.2303664921466
F9,LAX,SFO,21,7.7285714285714295,848.3434343434343
F9,MCO,ATL,22,3.2636363636363637,816.7227272727273
F9,MCO,BOS,21,6.295238095238095,786.8908045977012
F9,MCO,CLT,19,5.257894736842105,798.5598086124402
F9,MCO,DEN,19,4.742105263157895,752.9431279620853
F9,MCO,DFW,20,-0.7299999999999999,809.6732673267327
F9,MCO,IAH,17,5.129411764705882,783.6237623762377
F9,MCO,JFK,18,5.177777777777778,807.5196078431372
F9,MCO,LAS,22,4.859090909090909,783.06
F9,MCO,LAX,20,1.9149999999999998,794.035175879397
F9,MCO,MIA,16,14.25,838.9805825242719
F9,MCO,ORD,22,2.186363636363636,780.1862745098039
F9,MCO,PHX,24,-0.3291666666666669,778.8669950738916
F9,MCO,SEA,22,5.7,803.6467889908257
F9,MCO,SFO,13,2.6538461538461537,821.9505494505495
F9,MIA,ATL,17,1.311764705882353,797.5255102040817
F9,MIA,BOS,17,3.623529411764706,803.4736842105264
F9,MIA,CLT,21,3.052380952380952,817.2010309278351
F9,MIA,DEN,15,3.04,798.4368932038835
F9,MIA,DFW,20,3.1249999999999996,766.040404040404
F9,MIA,IAH,18,4.48888888888889,772.025
F9,MIA,JFK,21,-2.2095238095238097,765.0652173913044
F9,MIA,LAS,21,11.961904761904762,832.6120218579235
F9,MIA,LAX,18,5.161111111111111,791.4919786096257
F9,MIA,MCO,18,4.066666666666666,813.4656084656085
F9,MIA,ORD,20,11.035,810.4780487804878
F9,MIA,PHX,21,2.4523809523809526,785.0297029702971
F9,MIA,SEA,18,5.572222222222223,800.9593908629441
F9,MIA,SFO,18,4.611111111111111,792.4719101123595
F9,ORD,ATL,24,4.2749999999999995,803.7914691943128
F9,ORD,BOS,17,5.235294117647059,786.775
F9,ORD,CLT,15,5.113333333333333,809.0338164251208
F9,ORD,DEN,16,2.8562499999999997,748.5149700598803
F9,ORD,DFW,17,5.5,807.280612244898
F9,ORD,IAH,22,4.472727272727273,798.9742489270386
F9,ORD,JFK,21,1.7285714285714284,794.7510917030568
F9,ORD,LAS,25,5.98,793.4497354497355
F9,ORD,LAX,23,3.8652173913043475,821.8911917098445
F9,ORD,MCO,26,6.65,828.413953488372
F9,ORD,MIA,16,5.062499999999999,778.9392523364486
F9,ORD,PHX,15,5.033333333333333,801.1550802139037
F9,ORD,SEA,19,3.847368421052632,823.2944162436548
F9,ORD,SFO,31,3.0387096774193543,826.6153846153846
F9,PHX,ATL,22,0.09090909090909091,813.2408376963351
F9,PHX,BOS,23,0.03478260869565192,811.2487804878049
F9,PHX,CLT,19,6.136842105263158,769.4162679425838
F9,PHX,DEN,14,2.7642857142857147,816.8167539267016
F9,PHX,DFW,18,5.683333333333334,783.7652582159625
F9,PHX,IAH,21,0.3476190476190478,760.0742574257425
F9,PHX,JFK,25,3.2199999999999993,811.896860986547
F9,PHX,LAS,19,5.726315789473685,820.3365853658537
F9,PHX,LAX,21,5.5476190476190474,795.3473684210526
F9,PHX,MCO,22,6.940909090909091,816.7098445595855
F9,PHX,MIA,19,2.2210526315789476,787.5130890052357
F9,PHX,ORD,17,3.011764705882353,779.1728971962617
F9,PHX,SEA,14,3.664285714285714,784.2119815668203
F9,PHX,SFO,15,4.993333333333334,786.1313131313132
F9,SEA,ATL,16,5.1312500000000005,747.935
F9,SEA,BOS,22,3.3045454545454547,785.2281553398059
F9,SEA,CLT,20,2.88,831.685393258427
F9,SEA,DEN,25,10.648,822.4972067039106
F9,SEA,DFW,22,5.995454545454546,796.0772727272728
F9,SEA,IAH,20,4.41,778.0761904761905
F9,SEA,JFK,16,3.825,809.3860465116279
F9,SEA,LAS,19,5.0473684210526315,809.6682464454976
F9,SEA,LAX,21,6.4523809523809526,798.7942583732057
F9,SEA,MCO,27,3.1,795.3695652173913
F9,SEA,MIA,32,-1.575,798.7716894977169
F9,SEA,ORD,18,12.2,808.7327188940092
F9,SEA,PHX,13,8.123076923076923,789.9717514124294
F9,SEA,SFO,18,1.7611111111111108,825.2115384615385
F9,SFO,ATL,12,7.141666666666666,796.5406698564593
F9,SFO,BOS,17,2.3764705882352937,794.0201005025126
F9,SFO,CLT,26,3.1346153846153846,750.6715686274509
F9,SFO,DEN,29,-0.24827586206896549,788.2352941176471
F9,SFO,DFW,19,4.463157894736842,820.3678756476684
F9,SFO,IAH,17,5.235294117647059,770.7142857142857
F9,SFO,JFK,16,0.23125000000000007,827.4976303317535
F9,SFO,LAS,17,-1.1411764705882355,803.169014084507
F9,SFO,LAX,17,2.9588235294117644,842.0610328638497
F9,SFO,MCO,22,9.04090909090909,812.7474226804123
F9,SFO,MIA,22,3.3818181818181823,793.0
F9,SFO,ORD,18,4.788888888888889,820.8169014084507
F9,SFO,PHX,24,5.479166666666667,774.7638190954774
F9,SFO,SEA,16,9.38125,752.8284313725491
G4,ATL,BOS,23,3.3782608695652177,807.4619289340102
G4,ATL,CLT,21,5.752380952380952,843.3989637305699
G4,ATL,DEN,22,1.8454545454545455,804.2209944751381
G4,ATL,DFW,16,2.7062500000000003,777.4787234042553
G4,ATL,IAH,25,4.1,785.7715736040609
G4,ATL,JFK,22,0.36363636363636337,782.7303921568628
G4,ATL,LAS,23,7.139130434782608,804.6227272727273
G4,ATL,LAX,28,3.864285714285714,785.655
G4,ATL,MCO,28,8.589285714285714,797.8756476683938
G4,ATL,MIA,22,5.6499999999999995,790.5970149253732
G4,ATL,ORD,27,4.966666666666667,805.3066037735849
G4,ATL,PHX,19,7.626315789473685,800.9834254143647
G4,ATL,SEA,25,6.624,798.0098039215686
G4,ATL,SFO,26,1.2769230769230768,793.1024390243903
G4,BOS,ATL,26,6.284615384615384,779.0952380952381
G4,BOS,CLT,17,3.0411764705882356,820.0291262135922
G4,BOS,DEN,21,2.023809523809524,793.0725388601036
G4,BOS,DFW,18,6.183333333333334,826.3589743589744
G4,BOS,IAH,27,5.592592592592593,824.7981220657277
G4,BOS,JFK,26,5.1461538461538465,843.0944444444444
G4,BOS,LAS,15,-0.8266666666666669,792.4460784313726
G4,BOS,LAX,23,-1.6347826086956523,835.981308411215
G4,BOS,MCO,16,4.74375,830.7377049180328
G4,BOS,MIA,22,3.563636363636364,808.589519650655
G4,BOS,ORD,16,7.9750000000000005,810.25
G4,BOS,PHX,25,3.412,813.726368159204
G4,BOS,SEA,25,5.092,784.3476394849786
G4,BOS,SFO,16,4.1875,798.5779816513761
G4,CLT,ATL,16,0.9124999999999999,798.1116751269036
G4,CLT,BOS,20,3.1399999999999997,775.32
G4,CLT,DEN,18,4.127777777777777,768.135265700483
G4,CLT,DFW,18,12.016666666666667,802.9563106796116
G4,CLT,IAH,17,4.658823529411764,771.9597989949749
G4,CLT,JFK,12,5.550000000000001,810.1881188118812
G4,CLT,LAS,22,1.5181818181818185,804.5642458100559
G4,CLT,LAX,22,-0.30000000000000016,800.9435897435898
G4,CLT,MCO,27,9.422222222222222,805.4028436018957
G4,CLT,MIA,21,1.6285714285714283,786.1904761904761
G4,CLT,ORD,14,6.507142857142857,831.7637362637363
G4,CLT,PHX,17,5.711764705882352,822.6117021276596
G4,CLT,SEA,29,0.9413793103448274,798.6986899563319
G4,CLT,SFO,26,7.026923076923077,806.3930348258707
G4,DEN,ATL,17,8.994117647058824,802.2378640776699
G4,DEN,BOS,15,3.726666666666666,751.7365853658537
G4,DEN,CLT,27,1.9185185185185187,767.3484162895927
G4,DEN,DFW,18,4.338888888888889,780.903743315508
G4,DEN,IAH,18,3.3055555555555554,807.5217391304348
G4,DEN,JFK,14,6.428571428571429,814.1857142857143
G4,DEN,LAS,23,9.95217391304348,811.6698113207547
G4,DEN,LAX,22,4.054545454545455,767.1557788944724
G4,DEN,MCO,15,7.673333333333333,807.2153110047847
G4,DEN,MIA,24,0.6875000000000003,795.7177033492823
G4,DEN,ORD,18,0.738888888888889,820.5048076923077
G4,DEN,PHX,23,4.830434782608696,792.6989795918367
G4,DEN,SEA,20,9.09,804.3710407239819
G4,DEN,SFO,21,7.052380952380952,805.3365853658537
G4,DFW,ATL,26,5.946153846153847,800.2707423580786
G4,DFW,BOS,15,4.046666666666667,829.4619047619047
G4,DFW,CLT,25,3.536,823.6022099447514
G4,DFW,DEN,25,-0.2760000000000001,815.4227272727272
G4,DFW,IAH,22,2.0181818181818185,764.6564102564103
G4,DFW,JFK,18,7.527777777777778,829.7533039647577
G4,DFW,LAS,14,9.964285714285714,772.2401960784314
G4,DFW,LAX,33,6.8515151515151524,827.5970149253732
G4,DFW,MCO,27,7.140740740740741,756.1207729468599
G4,DFW,MIA,26,2.476923076923077,817.574074074074
G4,DFW,ORD,27,8.0,782.7061611374407
G4,DFW,PHX,19,4.878947368421053,836.0390243902439
G4,DFW,SEA,18,3.5555555555555554,807.3317757009346
G4,DFW,SFO,14,0.27857142857142864,819.2880434782609
G4,IAH,ATL,22,4.040909090909091,801.1135135135136
G4,IAH,BOS,18,4.788888888888889,807.639175257732
G4,IAH,CLT,28,2.65,785.8984771573604
G4,IAH,DEN,23,3.191304347826087,806.2829268292683
G4,IAH,DFW,23,7.095652173913043,800.8712871287129
G4,IAH,JFK,19,1.9631578947368424,783.2338308457712
G4,IAH,LAS,28,2.342857142857143,807.57
G4,IAH,LAX,19,0.45789473684210485,802.9121951219512
G4,IAH,MCO,23,7.5086956521739125,785.9065420560747
G4,IAH,MIA,32,0.9656249999999997,808.0909090909091
G4,IAH,ORD,22,1.6136363636363635,769.2216494845361
G4,IAH,PHX,32,8.99375,822.3131313131313
G4,IAH,SEA,17,12.823529411764707,817.9073170731707
G4,IAH,SFO,19,1.7157894736842105,780.3412322274881
G4,JFK,ATL,19,9.5,788.8011049723757
G4,JFK,BOS,20,12.614999999999998,793.4207920792079
G4,JFK,CLT,23,2.6739130434782608,803.7582938388625
G4,JFK,DEN,20,6.55,800.5792349726776
G4,JFK,DFW,34,3.1823529411764704,825.3722943722944
G4,JFK,IAH,17,8.547058823529412,809.3696682464455
G4,JFK,LAS,11,3.7363636363636363,847.1869158878504
G4,JFK,LAX,21,8.657142857142858,805.9859813084112
G4,JFK,MCO,25,5.4,771.4
G4,JFK,MIA,21,3.904761904761904,797.359375
G4,JFK,ORD,17,8.294117647058824,821.7025641025641
G4,JFK,PHX,30,6.823333333333334,780.1590909090909
G4,JFK,SEA,17,7.2294117647058815,815.6102564102564
G4,JFK,SFO,33,4.378787878787879,783.9103773584906
G4,LAS,ATL,18,0.011111111111111072,834.9824561403509
G4,LAS,BOS,21,7.004761904761905,773.6030927835052
G4,LAS,CLT,26,3.476923076923077,794.5288888888889
G4,LAS,DEN,26,2.4423076923076925,826.6307692307693
G4,LAS,DFW,19,4.947368421052632,788.812834224599
G4,LAS,IAH,21,3.8380952380952387,781.5989847715736
G4,LAS,JFK,22,2.2818181818181817,800.8048780487804
G4,LAS,LAX,13,8.100000000000001,805.0
G4,LAS,MCO,17,8.276470588235295,808.0582524271845
G4,LAS,MIA,21,4.461904761904762,773.0634146341464
G4,LAS,ORD,19,8.83157894736842,770.452380952381
G4,LAS,PHX,26,8.042307692307691,800.1493212669683
G4,LAS,SEA,22,5.072727272727272,828.9117647058823
G4,LAS,SFO,21,1.2523809523809526,798.1231527093596
G4,LAX,ATL,26,2.776923076923077,828.5174129353234
G4,LAX,BOS,27,6.514814814814815,775.7233009708738
G4,LAX,CLT,22,4.240909090909091,756.7808988764045
G4,LAX,DEN,23,0.3347826086956523,792.0697674418604
G4,LAX,DFW,19,5.278947368421052,786.9319371727748
G4,LAX,IAH,18,8.816666666666666,792.6124401913876
G4,LAX,JFK,17,1.3764705882352941,796.2446808510638
G4,LAX,LAS,12,1.3999999999999997,813.9197860962566
G4,LAX,MCO,15,4.1466666666666665,765.9629629629629
G4,LAX,MIA,17,3.094117647058823,811.3015873015873
G4,LAX,ORD,21,4.561904761904762,819.5124378109452
G4,LAX,PHX,22,1.5045454545454542,817.0892857142857
G4,LAX,SEA,22,6.263636363636365,855.2303664921466
G4,LAX,SFO,19,4.394736842105263,848.3434343434343
G4,MCO,ATL,21,2.842857142857143,816.7227272727273
G4,MCO,BOS,17,6.46470588235294,786.8908045977012
G4,MCO,CLT,24,6.641666666666667,798.5598086124402
G4,MCO,DEN,26,5.9192307692307695,752.9431279620853
G4,MCO,DFW,13,14.923076923076923,809.6732673267327
G4,MCO,IAH,25,9.5,783.6237623762377
G4,MCO,JFK,20,1.775,807.5196078431372
G4,MCO,LAS,14,1.8571428571428574,783.06
G4,MCO,LAX,24,5.695833333333333,794.035175879397
G4,MCO,MIA,26,4.119230769230769,838.9805825242719
G4,MCO,ORD,22,7.622727272727272,780.1862745098039
G4,MCO,PHX,22,4.290909090909091,778.8669950738916
G4,MCO,SEA,14,2.142857142857143,803.6467889908257
G4,MCO,SFO,17,6.48235294117647,821.9505494505495
G4,MIA,ATL,19,9.26842105263158,797.5255102040817
G4,MIA,BOS,21,4.014285714285715,803.4736842105264
G4,MIA,CLT,17,-4.741176470588235,817.2010309278351
G4,MIA,DEN,19,2.78421052631579,798.4368932038835
G4,MIA,DFW,15,1.1933333333333327,766.040404040404
G4,MIA,IAH,17,6.770588235294118,772.025
G4,MIA,JFK,14,-2.085714285714286,765.0652173913044
G4,MIA,LAS,16,4.30625,832.6120218579235
G4,MIA,LAX,14,1.4285714285714288,791.4919786096257
G4,MIA,MCO,30,1.4999999999999998,813.4656084656085
G4,MIA,ORD,30,4.62,810.4780487804878
G4,MIA,PHX,20,2.31,785.0297029702971
G4,MIA,SEA,17,4.929411764705883,800.9593908629441
G4,MIA,SFO,17,12.858823529411765,792.4719101123595
G4,ORD,ATL,25,3.8960000000000004,803.7914691943128
G4,ORD,BOS,15,6.02,786.775
G4,ORD,CLT,24,10.424999999999999,809.0338164251208
G4,ORD,DEN,20,7.859999999999999,748.5149700598803
G4,ORD,DFW,19,1.3789473684210527,807.280612244898
G4,ORD,IAH,21,2.2952380952380955,798.9742489270386
G4,ORD,JFK,26,10.346153846153847,794.7510917030568
G4,ORD,LAS,26,2.7423076923076923,793.4497354497355
G4,ORD,LAX,16,8.2,821.8911917098445
G4,ORD,MCO,20,4.779999999999999,828.413953488372
G4,ORD,MIA,23,2.273913043478261,778.9392523364486
G4,ORD,PHX,19,5.71578947368421,801.1550802139037
G4,ORD,SEA,27,6.596296296296296,823.2944162436548
G4,ORD,SFO,25,-2.02,826.6153846153846
G4,PHX,ATL,17,9.58235294117647,813.2408376963351
G4,PHX,BOS,15,7.3533333333333335,811.2487804878049
G4,PHX,CLT,21,5.376190476190477,769.4162679425838
G4,PHX,DEN,17,8.370588235294116,816.8167539267016
G4,PHX,DFW,21,8.390476190476189,783.7652582159625
G4,PHX,IAH,18,4.066666666666666,760.0742574257425
G4,PHX,JFK,25,4.7,811.896860986547
G4,PHX,LAS,24,1.929166666666667,820.3365853658537
G4,PHX,LAX,16,-0.14374999999999993,795.3473684210526
G4,PHX,MCO,23,3.3391304347826085,816.7098445595855
G4,PHX,MIA,25,3.008,787.5130890052357
G4,PHX,ORD,16,4.75625,779.1728971962617
G4,PHX,SEA,21,2.3714285714285714,784.2119815668203
G4,PHX,SFO,23,5.1869565217391305,786.1313131313132
G4,SEA,ATL,23,7.243478260869565,747.935
G4,SEA,BOS,18,4.05,785.2281553398059
G4,SEA,CLT,16,4.9437500000000005,831.685393258427
G4,SEA,DEN,21,6.609523809523809,822.4972067039106
G4,SEA,DFW,21,9.185714285714287,796.0772727272728
G4,SEA,IAH,20,4.07,778.0761904761905
G4,SEA,JFK,25,2.144,809.3860465116279
G4,SEA,LAS,25,5.524,809.6682464454976
G4,SEA,LAX,23,8.052173913043477,798.7942583732057
G4,SEA,MCO,34,6.314705882352942,795.3695652173913
G4,SEA,MIA,11,2.709090909090909,798.7716894977169
G4,SEA,ORD,29,3.7586206896551726,808.7327188940092
G4,SEA,PHX,18,3.55,789.9717514124294
G4,SEA,SFO,25,-0.7879999999999998,825.2115384615385
G4,SFO,ATL,8,1.7999999999999998,796.5406698564593
G4,SFO,BOS,19,7.526315789473684,794.0201005025126
G4,SFO,CLT,25,3.0640000000000005,750.6715686274509
G4,SFO,DEN,24,4.408333333333333,788.2352941176471
G4,SFO,DFW,18,6.4944444444444445,820.3678756476684
G4,SFO,IAH,19,-1.4684210526315788,770.7142857142857
G4,SFO,JFK,18,18.677777777777777,827.4976303317535
G4,SFO,LAS,15,5.7733333333333325,803.169014084507
G4,SFO,LAX,28,2.9107142857142856,842.0610328638497
G4,SFO,MCO,16,6.325,812.7474226804123
G4,SFO,MIA,24,-0.10833333333333355,793.0
G4,SFO,ORD,18,0.838888888888889,820.8169014084507
G4,SFO,PHX,25,-2.2880000000000003,774.7638190954774
G4,SFO,SEA,16,2.39375,752.8284313725491
HA,ATL,BOS,26,2.730769230769231,807.4619289340102
HA,ATL,CLT,19,4.278947368421052,843.3989637305699
HA,ATL,DEN,20,9.475,804.2209944751381
HA,ATL,DFW,20,3.165,777.4787234042553
HA,ATL,IAH,16,8.5625,785.7715736040609
HA,ATL,JFK,26,2.430769230769231,782.7303921568628
HA,ATL,LAS,25,7.048000000000001,804.6227272727273
HA,ATL,LAX,17,0.4647058823529412,785.655
HA,ATL,MCO,25,1.1680000000000001,797.8756476683938
HA,ATL,MIA,14,12.042857142857143,790.5970149253732
HA,ATL,ORD,25,1.7359999999999998,805.3066037735849
HA,ATL,PHX,13,7.484615384615385,800.9834254143647
HA,ATL,SEA,19,2.2842105263157895,798.0098039215686
HA,ATL,SFO,13,8.253846153846153,793.1024390243903
HA,BOS,ATL,31,3.0193548387096776,779.0952380952381
HA,BOS,CLT,19,5.742105263157894,820.0291262135922
HA,BOS,DEN,12,2.541666666666667,793.0725388601036
HA,BOS,DFW,13,2.0153846153846153,826.3589743589744
HA,BOS,IAH,20,-0.3450000000000001,824.7981220657277
HA,BOS,JFK,17,0.6470588235294117,843.0944444444444
HA,BOS,LAS,13,3.976923076923077,792.4460784313726
HA,BOS,LAX,17,2.511764705882353,835.981308411215
HA,BOS,MCO,16,5.59375,830.7377049180328
HA,BOS,MIA,18,4.816666666666666,808.589519650655
HA,BOS,ORD,15,7.246666666666667,810.25
HA,BOS,PHX,20,5.04,813.726368159204
HA,BOS,SEA,26,6.811538461538461,784.3476394849786
HA,BOS,SFO,26,2.342307692307692,798.5779816513761
HA,CLT,ATL,21,5.909523809523809,798.1116751269036
HA,CLT,BOS,26,5.576923076923077,775.32
HA,CLT,DEN,13,1.0,768.135265700483
HA,CLT,DFW,17,3.1411764705882357,802.9563106796116
HA,CLT,IAH,22,3.277272727272727,771.9597989949749
HA,CLT,JFK,19,1.8631578947368421,810.1881188118812
HA,CLT,LAS,16,2.7062500000000003,804.5642458100559
HA,CLT,LAX,27,5.351851851851852,800.9435897435898
HA,CLT,MCO,29,1.5793103448275863,805.4028436018957
HA,CLT,MIA,13,5.946153846153846,786.1904761904761
HA,CLT,ORD,14,2.8714285714285714,831.7637362637363
HA,CLT,PHX,17,3.447058823529412,822.6117021276596
HA,CLT,SEA,25,9.232,798.6986899563319
HA,CLT,SFO,20,-1.5,806.3930348258707
HA,DEN,ATL,20,5.165,802.2378640776699
HA,DEN,BOS,20,4.49,751.7365853658537
HA,DEN,CLT,19,8.757894736842106,767.3484162895927
HA,DEN,DFW,17,3.2588235294117642,780.903743315508
HA,DEN,IAH,21,7.704761904761905,807.5217391304348
HA,DEN,JFK,18,4.977777777777778,814.1857142857143
HA,DEN,LAS,18,0.388888888888889,811.6698113207547
HA,DEN,LAX,18,11.511111111111111,767.1557788944724
HA,DEN,MCO,18,0.9888888888888887,807.2153110047847
HA,DEN,MIA,22,5.0227272727272725,795.7177033492823
HA,DEN,ORD,18,6.777777777777779,820.5048076923077
HA,DEN,PHX,18,4.222222222222222,792.6989795918367
HA,DEN,SEA,16,4.0249999999999995,804.3710407239819
HA,DEN,SFO,13,3.7384615384615385,805.3365853658537
HA,DFW,ATL,24,5.341666666666666,800.2707423580786
HA,DFW,BOS,30,3.5966666666666667,829.4619047619047
HA,DFW,CLT,12,7.266666666666667,823.6022099447514
HA,DFW,DEN,16,3.775000000000001,815.4227272727272
HA,DFW,IAH,18,2.8277777777777775,764.6564102564103
HA,DFW,JFK,32,0.884375,829.7533039647577
HA,DFW,LAS,22,11.313636363636363,772.2401960784314
HA,DFW,LAX,17,5.947058823529411,827.5970149253732
HA,DFW,MCO,32,3.21875,756.1207729468599
HA,DFW,MIA,25,10.335999999999999,817.574074074074
HA,DFW,ORD,15,9.733333333333333,782.7061611374407
HA,DFW,PHX,25,6.287999999999999,836.0390243902439
HA,DFW,SEA,15,4.52,807.3317757009346
HA,DFW,SFO,20,2.85,819.2880434782609
HA,IAH,ATL,22,2.036363636363636,801.1135135135136
HA,IAH,BOS,22,5.595454545454545,807.639175257732
HA,IAH,CLT,11,2.963636363636364,785.8984771573604
HA,IAH,DEN,20,3.475,806.2829268292683
HA,IAH,DFW,12,2.0416666666666665,800.8712871287129
HA,IAH,JFK,16,2.175,783.2338308457712
HA,IAH,LAS,23,9.76086956521739,807.57
HA,IAH,LAX,13,9.615384615384615,802.9121951219512
HA,IAH,MCO,21,4.095238095238096,785.9065420560747
HA,IAH,MIA,22,0.6318181818181816,808.0909090909091
HA,IAH,ORD,20,2.6399999999999997,769.2216494845361
HA,IAH,PHX,17,5.364705882352942,822.3131313131313
HA,IAH,SEA,15,5.173333333333333,817.9073170731707
HA,IAH,SFO,22,2.009090909090909,780.3412322274881
HA,JFK,ATL,12,1.7916666666666667,788.8011049723757
HA,JFK,BOS,23,3.847826086956521,793.4207920792079
HA,JFK,CLT,18,2.4444444444444446,803.7582938388625
HA,JFK,DEN,18,2.6500000000000004,800.5792349726776
HA,JFK,DFW,16,0.08750000000000002,825.3722943722944
HA,JFK,IAH,21,8.161904761904761,809.3696682464455
HA,JFK,LAS,23,1.934782608695652,847.1869158878504
HA,JFK,LAX,17,6.970588235294118,805.9859813084112
HA,JFK,MCO,28,7.260714285714285,771.4
HA,JFK,MIA,15,7.1,797.359375
HA,JFK,ORD,16,2.5937500000000004,821.7025641025641
HA,JFK,PHX,16,4.01875,780.1590909090909
HA,JFK,SEA,25,8.976,815.6102564102564
HA,JFK,SFO,19,2.7526315789473683,783.9103773584906
HA,LAS,ATL,12,4.283333333333333,834.9824561403509
HA,LAS,BOS,26,1.0538461538461539,773.6030927835052
HA,LAS,CLT,25,4.808,794.5288888888889
HA,LAS,DEN,17,7.3999999999999995,826.6307692307693
HA,LAS,DFW,13,-0.9538461538461539,788.812834224599
HA,LAS,IAH,26,4.392307692307693,781.5989847715736
HA,LAS,JFK,18,6.583333333333333,800.8048780487804
HA,LAS,LAX,21,12.685714285714285,805.0
HA,LAS,MCO,20,9.47,808.0582524271845
HA,LAS,MIA,18,7.055555555555555,773.0634146341464
HA,LAS,ORD,22,7.831818181818182,770.452380952381
HA,LAS,PHX,16,5.725000000000001,800.1493212669683
HA,LAS,SEA,16,8.975,828.9117647058823
HA,LAS,SFO,12,-0.5416666666666666,798.1231527093596
HA,LAX,ATL,22,2.790909090909091,828.5174129353234
HA,LAX,BOS,21,-2.7904761904761903,775.7233009708738
HA,LAX,CLT,20,10.65,756.7808988764045
HA,LAX,DEN,23,8.856521739130434,792.0697674418604
HA,LAX,DFW,14,0.4642857142857144,786.9319371727748
HA,LAX,IAH,25,10.1,792.6124401913876
HA,LAX,JFK,17,6.794117647058823,796.2446808510638
HA,LAX,LAS,30,7.033333333333333,813.9197860962566
HA,LAX,MCO,23,1.6739130434782605,765.9629629629629
HA,LAX,MIA,21,8.747619047619047,811.3015873015873
HA,LAX,ORD,22,4.4772727272727275,819.5124378109452
HA,LAX,PHX,20,3.7800000000000002,817.0892857142857
HA,LAX,SEA,13,2.6076923076923078,855.2303664921466
HA,LAX,SFO,19,5.447368421052632,848.3434343434343
HA,MCO,ATL,24,5.550000000000001,816.7227272727273
HA,MCO,BOS,20,2.725,786.8908045977012
HA,MCO,CLT,15,2.953333333333333,798.5598086124402
HA,MCO,DEN,20,-0.6900000000000001,752.9431279620853
HA,MCO,DFW,24,4.133333333333333,809.6732673267327
HA,MCO,IAH,19,7.48421052631579,783.6237623762377
HA,MCO,JFK,17,1.5,807.5196078431372
HA,MCO,LAS,22,3.4045454545454548,783.06
HA,MCO,LAX,13,2.5,794.035175879397
HA,MCO,MIA,23,8.908695652173913,838.9805825242719
HA,MCO,ORD,28,1.2750000000000001,780.1862745098039
HA,MCO,PHX,23,5.082608695652174,778.8669950738916
HA,MCO,SEA,13,4.507692307692308,803.6467889908257
HA,MCO,SFO,19,3.6263157894736846,821.9505494505495
HA,MIA,ATL,23,5.182608695652174,797.5255102040817
HA,MIA,BOS,20,1.1949999999999998,803.4736842105264
HA,MIA,CLT,21,8.552380952380954,817.2010309278351
HA,MIA,DEN,14,7.614285714285714,798.4368932038835
HA,MIA,DFW,19,4.205263157894737,766.040404040404
HA,MIA,IAH,25,1.1160000000000003,772.025
HA,MIA,JFK,18,5.388888888888889,765.0652173913044
HA,MIA,LAS,19,6.9526315789473685,832.6120218579235
HA,MIA,LAX,17,3.2176470588235295,791.4919786096257
HA,MIA,MCO,12,8.408333333333333,813.4656084656085
HA,MIA,ORD,22,5.736363636363636,810.4780487804878
HA,MIA,PHX,25,-2.08,785.0297029702971
HA,MIA,SEA,19,2.684210526315789,800.9593908629441
HA,MIA,SFO,16,0.7312499999999998,792.4719101123595
HA,ORD,ATL,21,1.0333333333333332,803.7914691943128
HA,ORD,BOS,20,-1.24,786.775
HA,ORD,CLT,22,5.499999999999999,809.0338164251208
HA,ORD,DEN,13,6.230769230769231,748.5149700598803
HA,ORD,DFW,20,5.154999999999999,807.280612244898
HA,ORD,IAH,21,1.357142857142857,798.9742489270386
HA,ORD,JFK,22,6.304545454545454,794.7510917030568
HA,ORD,LAS,18,5.211111111111111,793.4497354497355
HA,ORD,LAX,23,5.217391304347826,821.8911917098445
HA,ORD,MCO,20,5.85,828.413953488372
HA,ORD,MIA,29,6.4896551724137925,778.9392523364486
HA,ORD,PHX,22,1.7,801.1550802139037
HA,ORD,SEA,16,3.2312499999999997,823.2944162436548
HA,ORD,SFO,27,3.6888888888888887,826.6153846153846
HA,PHX,ATL,19,6.342105263157895,813.2408376963351
HA,PHX,BOS,26,2.5115384615384615,811.2487804878049
HA,PHX,CLT,13,4.392307692307693,769.4162679425838
HA,PHX,DEN,20,5.87,816.8167539267016
HA,PHX,DFW,23,2.721739130434783,783.7652582159625
HA,PHX,IAH,16,0.48124999999999984,760.0742574257425
HA,PHX,JFK,20,4.42,811.896860986547
HA,PHX,LAS,20,2.45,820.3365853658537
HA,PHX,LAX,13,-2.0076923076923077,795.3473684210526
HA,PHX,MCO,23,2.765217391304348,816.7098445595855
HA,PHX,MIA,17,1.7000000000000002,787.5130890052357
HA,PHX,ORD,16,4.64375,779.1728971962617
HA,PHX,SEA,21,0.21428571428571427,784.2119815668203
HA,PHX,SFO,27,6.918518518518518,786.1313131313132
HA,SEA,ATL,22,8.963636363636363,747.935
HA,SEA,BOS,23,6.756521739130435,785.2281553398059
HA,SEA,CLT,16,3.6125000000000007,831.685393258427
HA,SEA,DEN,16,1.0812499999999998,822.4972067039106
HA,SEA,DFW,20,4.285,796.0772727272728
HA,SEA,IAH,19,-1.2157894736842103,778.0761904761905
HA,SEA,JFK,22,5.854545454545455,809.3860465116279
HA,SEA,LAS,27,-0.3111111111111111,809.6682464454976
HA,SEA,LAX,25,-1.276,798.7942583732057
HA,SEA,MCO,19,5.026315789473684,795.3695652173913
HA,SEA,MIA,22,-0.5727272727272729,798.7716894977169
HA,SEA,ORD,25,8.363999999999999,808.7327188940092
HA,SEA,PHX,27,5.607407407407408,789.9717514124294
HA,SEA,SFO,16,9.49375,825.2115384615385
HA,SFO,ATL,26,1.2884615384615385,796.5406698564593
HA,SFO,BOS,15,-0.23333333333333314,794.0201005025126
HA,SFO,CLT,21,-0.01904761904761898,750.6715686274509
HA,SFO,DEN,32,4.784375,788.2352941176471
HA,SFO,DFW,20,2.6900000000000004,820.3678756476684
HA,SFO,IAH,23,5.182608695652174,770.7142857142857
HA,SFO,JFK,22,5.709090909090909,827.4976303317535
HA,SFO,LAS,18,3.5888888888888886,803.169014084507
HA,SFO,LAX,25,8.08,842.0610328638497
HA,SFO,MCO,19,2.8421052631578947,812.7474226804123
HA,SFO,MIA,25,8.968,793.0
HA,SFO,ORD,17,10.558823529411764,820.8169014084507
HA,SFO,PHX,23,3.178260869565217,774.7638190954774
HA,SFO,SEA,16,-1.2,752.8284313725491
NK,ATL,BOS,20,2.705,807.4619289340102
NK,ATL,CLT,14,1.6285714285714281,843.3989637305699
NK,ATL,DEN,19,4.963157894736842,804.2209944751381
NK,ATL,DFW,20,2.57,777.4787234042553
NK,ATL,IAH,20,3.815,785.7715736040609
NK,ATL,JFK,12,4.624999999999999,782.7303921568628
NK,ATL,LAS,18,3.9722222222222223,804.6227272727273
NK,ATL,LAX,19,3.3157894736842106,785.655
NK,ATL,MCO,18,9.233333333333333,797.8756476683938
NK,ATL,MIA,18,10.600000000000001,790.5970149253732
NK,ATL,ORD,21,-1.9571428571428573,805.3066037735849
NK,ATL,PHX,19,4.505263157894737,800.9834254143647
NK,ATL,SEA,19,5.6000000000000005,798.0098039215686
NK,ATL,SFO,16,8.7125,793.1024390243903
NK,BOS,ATL,28,5.682142857142857,779.0952380952381
NK,BOS,CLT,19,9.95263157894737,820.0291262135922
NK,BOS,DEN,17,8.064705882352941,793.0725388601036
NK,BOS,DFW,22,4.890909090909091,826.3589743589744
NK,BOS,IAH,14,5.071428571428571,824.7981220657277
NK,BOS,JFK,20,6.6,843.0944444444444
NK,BOS,LAS,28,0.8321428571428571,792.4460784313726
NK,BOS,LAX,19,3.0947368421052635,835.981308411215
NK,BOS,MCO,20,3.145,830.7377049180328
NK,BOS,MIA,21,5.523809523809524,808.589519650655
NK,BOS,ORD,13,6.976923076923077,810.25
NK,BOS,PHX,28,8.214285714285714,813.726368159204
NK,BOS,SEA,31,5.16774193548387,784.3476394849786
NK,BOS,SFO,30,7.3566666666666665,798.5779816513761
NK,CLT,ATL,22,-0.7090909090909091,798.1116751269036
NK,CLT,BOS,20,6.2700000000000005,775.32
NK,CLT,DEN,21,12.114285714285714,768.135265700483
NK,CLT,DFW,21,3.7666666666666666,802.9563106796116
NK,CLT,IAH,18,4.766666666666667,771.9597989949749
NK,CLT,JFK,24,4.879166666666667,810.1881188118812
NK,CLT,LAS,22,2.477272727272727,804.5642458100559
NK,CLT,LAX,12,-1.2,800.9435897435898
NK,CLT,MCO,22,2.477272727272727,805.4028436018957
NK,CLT,MIA,25,10.412,786.1904761904761
NK,CLT,ORD,15,4.54,831.7637362637363
NK,CLT,PHX,16,6.95625,822.6117021276596
NK,CLT,SEA,15,8.08,798.6986899563319
NK,CLT,SFO,18,3.855555555555556,806.3930348258707
NK,DEN,ATL,19,3.4894736842105263,802.2378640776699
NK,DEN,BOS,24,5.041666666666667,751.7365853658537
NK,DEN,CLT,25,6.0920000000000005,767.3484162895927
NK,DEN,DFW,20,0.7550000000000001,780.903743315508
NK,DEN,IAH,16,3.15625,807.5217391304348
NK,DEN,JFK,22,2.5818181818181816,814.1857142857143
NK,DEN,LAS,24,9.025,811.6698113207547
NK,DEN,LAX,20,5.295,767.1557788944724
NK,DEN,MCO,25,5.916,807.2153110047847
NK,DEN,MIA,16,7.125,795.7177033492823
NK,DEN,ORD,26,0.7192307692307693,820.5048076923077
NK,DEN,PHX,25,3.6,792.6989795918367
NK,DEN,SEA,29,7.086206896551724,804.3710407239819
NK,DEN,SFO,16,2.71875,805.3365853658537
NK,DFW,ATL,22,-0.045454545454545615,800.2707423580786
NK,DFW,BOS,20,3.5549999999999997,829.4619047619047
NK,DFW,CLT,12,4.708333333333334,823.6022099447514
NK,DFW,DEN,30,10.543333333333333,815.4227272727272
NK,DFW,IAH,21,11.047619047619047,764.6564102564103
NK,DFW,JFK,24,4.345833333333333,829.7533039647577
NK,DFW,LAS,24,3.320833333333333,772.2401960784314
NK,DFW,LAX,21,2.114285714285714,827.5970149253732
NK,DFW,MCO,22,2.604545454545455,756.1207729468599
NK,DFW,MIA,17,-0.41176470588235303,817.574074074074
NK,DFW,ORD,18,4.366666666666667,782.7061611374407
NK,DFW,PHX,22,5.972727272727273,836.0390243902439
NK,DFW,SEA,24,2.204166666666667,807.3317757009346
NK,DFW,SFO,19,2.3263157894736843,819.2880434782609
NK,IAH,ATL,24,4.770833333333333,801.1135135135136
NK,IAH,BOS,25,6.028,807.639175257732
NK,IAH,CLT,22,1.1272727272727274,785.8984771573604
NK,IAH,DEN,23,8.082608695652175,806.2829268292683
NK,IAH,DFW,18,1.6944444444444444,800.8712871287129
NK,IAH,JFK,30,2.3166666666666673,783.2338308457712
NK,IAH,LAS,23,5.182608695652174,807.57
NK,IAH,LAX,25,3.06,802.9121951219512
NK,IAH,MCO,28,0.38928571428571423,785.9065420560747
NK,IAH,MIA,19,7.6421052631578945,808.0909090909091
NK,IAH,ORD,23,1.2217391304347829,769.2216494845361
NK,IAH,PHX,16,12.125,822.3131313131313
NK,IAH,SEA,29,4.1241379310344835,817.9073170731707
NK,IAH,SFO,26,8.36923076923077,780.3412322274881
NK,JFK,ATL,12,6.491666666666667,788.8011049723757
NK,JFK,BOS,17,9.229411764705883,793.4207920792079
NK,JFK,CLT,24,4.691666666666666,803.7582938388625
NK,JFK,DEN,17,6.03529411764706,800.5792349726776
NK,JFK,DFW,23,4.665217391304347,825.3722943722944
NK,JFK,IAH,14,4.428571428571429,809.3696682464455
NK,JFK,LAS,20,-1.73,847.1869158878504
NK,JFK,LAX,21,9.319047619047618,805.9859813084112
NK,JFK,MCO,21,5.29047619047619,771.4
NK,JFK,MIA,20,4.955,797.359375
NK,JFK,ORD,26,1.2730769230769232,821.7025641025641
NK,JFK,PHX,23,8.078260869565218,780.1590909090909
NK,JFK,SEA,18,6.827777777777778,815.6102564102564
NK,JFK,SFO,21,7.652380952380952,783.9103773584906
NK,LAS,ATL,16,-0.5125000000000002,834.9824561403509
NK,LAS,BOS,14,5.792857142857143,773.6030927835052
NK,LAS,CLT,19,4.405263157894737,794.5288888888889
NK,LAS,DEN,19,4.621052631578947,826.6307692307693
NK,LAS,DFW,18,3.9166666666666665,788.812834224599
NK,LAS,IAH,25,-2.16,781.5989847715736
NK,LAS,JFK,17,-2.1529411764705877,800.8048780487804
NK,LAS,LAX,15,10.113333333333333,805.0
NK,LAS,MCO,17,6.829411764705882,808.0582524271845
NK,LAS,MIA,26,10.623076923076923,773.0634146341464
NK,LAS,ORD,26,3.469230769230769,770.452380952381
NK,LAS,PHX,26,6.788461538461538,800.1493212669683
NK,LAS,SEA,25,8.552,828.9117647058823
NK,LAS,SFO,21,5.79047619047619,798.1231527093596
NK,LAX,ATL,27,5.8962962962962955,828.5174129353234
NK,LAX,BOS,25,6.66,775.7233009708738
NK,LAX,CLT,7,12.299999999999999,756.7808988764045
NK,LAX,DEN,28,3.017857142857143,792.0697674418604
NK,LAX,DFW,9,11.7,786.9319371727748
NK,LAX,IAH,18,8.794444444444444,792.6124401913876
NK,LAX,JFK,25,5.268,796.2446808510638
NK,LAX,LAS,23,5.747826086956521,813.9197860962566
NK,LAX,MCO,22,-1.4181818181818182,765.9629629629629
NK,LAX,MIA,19,8.594736842105263,811.3015873015873
NK,LAX,ORD,23,5.469565217391304,819.5124378109452
NK,LAX,PHX,20,3.245,817.0892857142857
NK,LAX,SEA,14,0.2500000000000001,855.2303664921466
NK,LAX,SFO,13,0.5384615384615385,848.3434343434343
NK,MCO,ATL,19,5.910526315789474,816.7227272727273
NK,MCO,BOS,26,3.8153846153846156,786.8908045977012
NK,MCO,CLT,16,-0.975,798.5598086124402
NK,MCO,DEN,22,6.404545454545455,752.9431279620853
NK,MCO,DFW,19,6.057894736842105,809.6732673267327
NK,MCO,IAH,22,8.872727272727273,783.6237623762377
NK,MCO,JFK,17,4.670588235294118,807.5196078431372
NK,MCO,LAS,28,5.175,783.06
NK,MCO,LAX,20,1.4300000000000002,794.035175879397
NK,MCO,MIA,15,9.833333333333334,838.9805825242719
NK,MCO,ORD,19,2.2210526315789476,780.1862745098039
NK,MCO,PHX,21,0.8666666666666668,778.8669950738916
NK,MCO,SEA,19,1.1894736842105262,803.6467889908257
NK,MCO,SFO,14,7.75,821.9505494505495
NK,MIA,ATL,16,3.7625,797.5255102040817
NK,MIA,BOS,20,0.265,803.4736842105264
NK,MIA,CLT,19,2.805263157894737,817.2010309278351
NK,MIA,DEN,23,7.51304347826087,798.4368932038835
NK,MIA,DFW,19,2.7157894736842105,766.040404040404
NK,MIA,IAH,21,2.4761904761904763,772.025
NK,MIA,JFK,28,9.175,765.0652173913044
NK,MIA,LAS,18,3.322222222222222,832.6120218579235
NK,MIA,LAX,21,4.866666666666667,791.4919786096257
NK,MIA,MCO,16,4.8062499999999995,813.4656084656085
NK,MIA,ORD,23,6.404347826086957,810.4780487804878
NK,MIA,PHX,23,4.960869565217392,785.0297029702971
NK,MIA,SEA,19,-1.9105263157894736,800.9593908629441
NK,MIA,SFO,12,9.0,792.4719101123595
NK,ORD,ATL,23,-1.2608695652173911,803.7914691943128
NK,ORD,BOS,23,3.095652173913044,786.775
NK,ORD,CLT,16,5.09375,809.0338164251208
NK,ORD,DEN,21,3.1380952380952385,748.5149700598803
NK,ORD,DFW,27,3.314814814814815,807.280612244898
NK,ORD,IAH,15,5.666666666666667,798.9742489270386
NK,ORD,JFK,29,2.3000000000000003,794.7510917030568
NK,ORD,LAS,11,2.89090909090909,793.4497354497355
NK,ORD,LAX,21,-2.661904761904762,821.8911917098445
NK,ORD,MCO,17,17.376470588235293,828.413953488372
NK,ORD,MIA,22,4.818181818181818,778.9392523364486
NK,ORD,PHX,13,9.823076923076922,801.1550802139037
NK,ORD,SEA,21,3.933333333333333,823.2944162436548
NK,ORD,SFO,15,5.046666666666667,826.6153846153846
NK,PHX,ATL,27,0.8555555555555556,813.2408376963351
NK,PHX,BOS,17,5.7176470588235295,811.2487804878049
NK,PHX,CLT,27,4.622222222222223,769.4162679425838
NK,PHX,DEN,15,2.24,816.8167539267016
NK,PHX,DFW,25,8.148,783.7652582159625
NK,PHX,IAH,16,0.9687500000000002,760.0742574257425
NK,PHX,JFK,21,3.1285714285714286,811.896860986547
NK,PHX,LAS,16,4.8500000000000005,820.3365853658537
NK,PHX,LAX,17,4.211764705882352,795.3473684210526
NK,PHX,MCO,16,7.125,816.7098445595855
NK,PHX,MIA,16,2.80625,787.5130890052357
NK,PHX,ORD,33,4.251515151515152,779.1728971962617
NK,PHX,SEA,20,3.475,784.2119815668203
NK,PHX,SFO,17,2.976470588235294,786.1313131313132
NK,SEA,ATL,18,1.327777777777778,747.935
NK,SEA,BOS,13,2.869230769230769,785.2281553398059
NK,SEA,CLT,16,4.3625,831.685393258427
NK,SEA,DEN,15,9.593333333333334,822.4972067039106
NK,SEA,DFW,19,3.905263157894737,796.0772727272728
NK,SEA,IAH,16,6.6875,778.0761904761905
NK,SEA,JFK,26,7.723076923076923,809.3860465116279
NK,SEA,LAS,11,13.436363636363637,809.6682464454976
NK,SEA,LAX,19,6.836842105263158,798.7942583732057
NK,SEA,MCO,25,6.867999999999999,795.3695652173913
NK,SEA,MIA,27,0.4814814814814813,798.7716894977169
NK,SEA,ORD,16,5.025,808.7327188940092
NK,SEA,PHX,13,0.11538461538461545,789.9717514124294
NK,SEA,SFO,25,4.628,825.2115384615385
NK,SFO,ATL,24,2.5708333333333333,796.5406698564593
NK,SFO,BOS,19,0.7368421052631582,794.0201005025126
NK,SFO,CLT,21,3.804761904761905,750.6715686274509
NK,SFO,DEN,23,1.6826086956521737,788.2352941176471
NK,SFO,DFW,19,7.71578947368421,820.3678756476684
NK,SFO,IAH,18,6.555555555555555,770.7142857142857
NK,SFO,JFK,14,2.4071428571428575,827.4976303317535
NK,SFO,LAS,26,4.6923076923076925,803.169014084507
NK,SFO,LAX,15,4.3133333333333335,842.0610328638497
NK,SFO,MCO,16,11.43125,812.7474226804123
NK,SFO,MIA,19,-1.3210526315789473,793.0
NK,SFO,ORD,23,-1.4304347826086956,820.8169014084507
NK,SFO,PHX,24,8.275,774.7638190954774
NK,SFO,SEA,21,8.114285714285714,752.8284313725491
UA,ATL,BOS,15,10.546666666666665,807.4619289340102
UA,ATL,CLT,17,2.0470588235294116,843.3989637305699
UA,ATL,DEN,15,5.806666666666667,804.2209944751381
UA,ATL,DFW,19,1.7421052631578948,777.4787234042553
UA,ATL,IAH,22,1.3318181818181818,785.7715736040609
UA,ATL,JFK,13,7.1,782.7303921568628
UA,ATL,LAS,27,2.6148148148148147,804.6227272727273
UA,ATL,LAX,17,7.741176470588235,785.655
UA,ATL,MCO,20,6.790000000000001,797.8756476683938
UA,ATL,MIA,25,1.064,790.5970149253732
UA,ATL,ORD,17,4.247058823529412,805.3066037735849
UA,ATL,PHX,21,1.1285714285714281,800.9834254143647
UA,ATL,SEA,19,2.7842105263157895,798.0098039215686
UA,ATL,SFO,19,7.3,793.1024390243903
UA,BOS,ATL,18,7.211111111111112,779.0952380952381
UA,BOS,CLT,19,-0.4578947368421053,820.0291262135922
UA,BOS,DEN,24,0.12500000000000014,793.0725388601036
UA,BOS,DFW,14,8.971428571428572,826.3589743589744
UA,BOS,IAH,20,6.334999999999999,824.7981220657277
UA,BOS,JFK,18,1.5444444444444445,843.0944444444444
UA,BOS,LAS,18,4.788888888888888,792.4460784313726
UA,BOS,LAX,20,9.445,835.981308411215
UA,BOS,MCO,10,5.13,830.7377049180328
UA,BOS,MIA,28,4.007142857142857,808.589519650655
UA,BOS,ORD,25,0.5720000000000002,810.25
UA,BOS,PHX,18,0.5166666666666668,813.726368159204
UA,BOS,SEA,25,4.4239999999999995,784.3476394849786
UA,BOS,SFO,25,2.596,798.5779816513761
UA,CLT,ATL,18,3.6500000000000004,798.1116751269036
UA,CLT,BOS,24,2.954166666666667,775.32
UA,CLT,DEN,21,7.8047619047619055,768.135265700483
UA,CLT,DFW,23,1.7217391304347827,802.9563106796116
UA,CLT,IAH,18,5.316666666666666,771.9597989949749
UA,CLT,JFK,23,-2.965217391304348,810.1881188118812
UA,CLT,LAS,18,2.511111111111111,804.5642458100559
UA,CLT,LAX,20,3.2649999999999997,800.9435897435898
UA,CLT,MCO,19,1.8842105263157898,805.4028436018957
UA,CLT,MIA,24,5.358333333333334,786.1904761904761
UA,CLT,ORD,20,6.844999999999999,831.7637362637363
UA,CLT,PHX,23,9.126086956521739,822.6117021276596
UA,CLT,SEA,29,3.2551724137931037,798.6986899563319
UA,CLT,SFO,20,3.1149999999999998,806.3930348258707
UA,DEN,ATL,19,7.021052631578947,802.2378640776699
UA,DEN,BOS,23,6.095652173913043,751.7365853658537
UA,DEN,CLT,25,-1.6640000000000001,767.3484162895927
UA,DEN,DFW,14,1.171428571428572,780.903743315508
UA,DEN,IAH,20,4.445,807.5217391304348
UA,DEN,JFK,22,5.85,814.1857142857143
UA,DEN,LAS,21,4.647619047619048,811.6698113207547
UA,DEN,LAX,26,6.5807692307692305,767.1557788944724
UA,DEN,MCO,23,0.9869565217391305,807.2153110047847
UA,DEN,MIA,23,3.1,795.7177033492823
UA,DEN,ORD,18,5.977777777777778,820.5048076923077
UA,DEN,PHX,23,6.456521739130435,792.6989795918367
UA,DEN,SEA,25,5.272,804.3710407239819
UA,DEN,SFO,17,1.288235294117647,805.3365853658537
UA,DFW,ATL,17,2.335294117647059,800.2707423580786
UA,DFW,BOS,24,5.304166666666666,829.4619047619047
UA,DFW,CLT,14,1.0714285714285714,823.6022099447514
UA,DFW,DEN,17,11.18235294117647,815.4227272727272
UA,DFW,IAH,18,1.7166666666666668,764.6564102564103
UA,DFW,JFK,24,6.983333333333333,829.7533039647577
UA,DFW,LAS,26,11.619230769230768,772.2401960784314
UA,DFW,LAX,19,3.9631578947368418,827.5970149253732
UA,DFW,MCO,21,0.3380952380952382,756.1207729468599
UA,DFW,MIA,25,1.6119999999999999,817.574074074074
UA,DFW,ORD,9,7.311111111111113,782.7061611374407
UA,DFW,PHX,25,2.8680000000000003,836.0390243902439
UA,DFW,SEA,27,3.4703703703703703,807.3317757009346
UA,DFW,SFO,21,14.038095238095238,819.2880434782609
UA,IAH,ATL,17,3.570588235294118,801.1135135135136
UA,IAH,BOS,21,1.3047619047619048,807.639175257732
UA,IAH,CLT,17,0.723529411764706,785.8984771573604
UA,IAH,DEN,21,3.5333333333333337,806.2829268292683
UA,IAH,DFW,15,4.953333333333333,800.8712871287129
UA,IAH,JFK,20,7.75,783.2338308457712
UA,IAH,LAS,11,-7.663636363636363,807.57
UA,IAH,LAX,22,8.872727272727273,802.9121951219512
UA,IAH,MCO,13,6.315384615384615,785.9065420560747
UA,IAH,MIA,19,7.136842105263158,808.0909090909091
UA,IAH,ORD,20,10.64,769.2216494845361
UA,IAH,PHX,23,5.660869565217392,822.3131313131313
UA,IAH,SEA,20,4.925,817.9073170731707
UA,IAH,SFO,20,-0.05500000000000003,780.3412322274881
UA,JFK,ATL,14,1.8214285714285718,788.8011049723757
UA,JFK,BOS,16,7.1125,793.4207920792079
UA,JFK,CLT,20,9.045,803.7582938388625
UA,JFK,DEN,15,2.36,800.5792349726776
UA,JFK,DFW,20,6.029999999999999,825.3722943722944
UA,JFK,IAH,21,2.723809523809524,809.3696682464455
UA,JFK,LAS,16,0.5562499999999999,847.1869158878504
UA,JFK,LAX,25,-0.556,805.9859813084112
UA,JFK,MCO,21,4.847619047619048,771.4
UA,JFK,MIA,26,3.319230769230769,797.359375
UA,JFK,ORD,23,7.195652173913044,821.7025641025641
UA,JFK,PHX,27,4.2481481481481485,780.1590909090909
UA,JFK,SEA,22,2.5454545454545454,815.6102564102564
UA,JFK,SFO,24,3.5999999999999996,783.9103773584906
UA,LAS,ATL,17,5.31764705882353,834.9824561403509
UA,LAS,BOS,16,0.4749999999999998,773.6030927835052
UA,LAS,CLT,24,5.2,794.5288888888889
UA,LAS,DEN,22,2.040909090909091,826.6307692307693
UA,LAS,DFW,14,2.4214285714285717,788.812834224599
UA,LAS,IAH,21,5.738095238095238,781.5989847715736
UA,LAS,JFK,28,2.3964285714285714,800.8048780487804
UA,LAS,LAX,19,5.1000000000000005,805.0
UA,LAS,MCO,21,6.10952380952381,808.0582524271845
UA,LAS,MIA,11,1.2636363636363634,773.0634146341464
UA,LAS,ORD,15,1.2866666666666668,770.452380952381
UA,LAS,PHX,17,6.788235294117648,800.1493212669683
UA,LAS,SEA,15,17.42,828.9117647058823
UA,LAS,SFO,24,4.208333333333333,798.1231527093596
UA,LAX,ATL,16,5.26875,828.5174129353234
UA,LAX,BOS,16,5.706250000000001,775.7233009708738
UA,LAX,CLT,20,-0.7399999999999998,756.7808988764045
UA,LAX,DEN,21,5.152380952380953,792.0697674418604
UA,LAX,DFW,31,2.196774193548387,786.9319371727748
UA,LAX,IAH,20,2.125,792.6124401913876
UA,LAX,JFK,21,8.342857142857142,796.2446808510638
UA,LAX,LAS,19,2.763157894736842,813.9197860962566
UA,LAX,MCO,14,3.5,765.9629629629629
UA,LAX,MIA,18,3.0555555555555554,811.3015873015873
UA,LAX,ORD,24,4.183333333333334,819.5124378109452
UA,LAX,PHX,34,0.9117647058823528,817.0892857142857
UA,LAX,SEA,28,2.225,855.2303664921466
UA,LAX,SFO,27,3.685185185185185,848.3434343434343
UA,MCO,ATL,21,10.29047619047619,816.7227272727273
UA,MCO,BOS,18,3.488888888888889,786.8908045977012
UA,MCO,CLT,26,1.3653846153846154,798.5598086124402
UA,MCO,DEN,22,-0.009090909090909179,752.9431279620853
UA,MCO,DFW,21,3.3285714285714287,809.6732673267327
UA,MCO,IAH,14,11.085714285714285,783.6237623762377
UA,MCO,JFK,23,2.3521739130434782,807.5196078431372
UA,MCO,LAS,16,0.8249999999999997,783.06
UA,MCO,LAX,15,6.0,794.035175879397
UA,MCO,MIA,22,5.027272727272727,838.9805825242719
UA,MCO,ORD,23,5.569565217391304,780.1862745098039
UA,MCO,PHX,13,2.8461538461538463,778.8669950738916
UA,MCO,SEA,26,4.696153846153846,803.6467889908257
UA,MCO,SFO,18,0.9055555555555558,821.9505494505495
UA,MIA,ATL,20,7.93,797.5255102040817
UA,MIA,BOS,17,-0.27647058823529447,803.4736842105264
UA,MIA,CLT,15,0.2733333333333333,817.2010309278351
UA,MIA,DEN,17,7.2294117647058815,798.4368932038835
UA,MIA,DFW,20,5.9350000000000005,766.040404040404
UA,MIA,IAH,28,2.5035714285714286,772.025
UA,MIA,JFK,20,9.55,765.0652173913044
UA,MIA,LAS,15,3.0466666666666664,832.6120218579235
UA,MIA,LAX,15,1.86,791.4919786096257
UA,MIA,MCO,15,6.406666666666666,813.4656084656085
UA,MIA,ORD,10,0.43000000000000005,810.4780487804878
UA,MIA,PHX,15,4.886666666666668,785.0297029702971
UA,MIA,SEA,22,5.009090909090909,800.9593908629441
UA,MIA,SFO,17,4.076470588235295,792.4719101123595
UA,ORD,ATL,18,5.25,803.7914691943128
UA,ORD,BOS,23,1.1695652173913047,786.775
UA,ORD,CLT,20,4.845,809.0338164251208
UA,ORD,DEN,18,2.788888888888889,748.5149700598803
UA,ORD,DFW,15,5.739999999999999,807.280612244898
UA,ORD,IAH,22,1.9363636363636365,798.9742489270386
UA,ORD,JFK,21,8.004761904761905,794.7510917030568
UA,ORD,LAS,20,7.44,793.4497354497355
UA,ORD,LAX,17,5.688235294117646,821.8911917098445
UA,ORD,MCO,17,0.5941176470588236,828.413953488372
UA,ORD,MIA,23,5.521739130434782,778.9392523364486
UA,ORD,PHX,19,2.1052631578947367,801.1550802139037
UA,ORD,SEA,18,9.600000000000001,823.2944162436548
UA,ORD,SFO,21,2.6,826.6153846153846
UA,PHX,ATL,21,7.328571428571429,813.2408376963351
UA,PHX,BOS,20,0.7350000000000001,811.2487804878049
UA,PHX,CLT,21,8.966666666666667,769.4162679425838
UA,PHX,DEN,29,5.493103448275861,816.8167539267016
UA,PHX,DFW,16,8.5625,783.7652582159625
UA,PHX,IAH,14,2.4,760.0742574257425
UA,PHX,JFK,19,5.410526315789474,811.896860986547
UA,PHX,LAS,15,8.993333333333334,820.3365853658537
UA,PHX,LAX,26,6.992307692307692,795.3473684210526
UA,PHX,MCO,15,2.2199999999999998,816.7098445595855
UA,PHX,MIA,22,4.5227272727272725,787.5130890052357
UA,PHX,ORD,24,2.375,779.1728971962617
UA,PHX,SEA,23,4.352173913043478,784.2119815668203
UA,PHX,SFO,22,4.786363636363637,786.1313131313132
UA,SEA,ATL,20,7.209999999999999,747.935
UA,SEA,BOS,25,3.484000000000001,785.2281553398059
UA,SEA,CLT,19,7.089473684210527,831.685393258427
UA,SEA,DEN,11,4.209090909090909,822.4972067039106
UA,SEA,DFW,27,5.8,796.0772727272728
UA,SEA,IAH,25,5.135999999999999,778.0761904761905
UA,SEA,JFK,12,-1.8499999999999999,809.3860465116279
UA,SEA,LAS,16,5.24375,809.6682464454976
UA,SEA,LAX,20,-0.29000000000000004,798.7942583732057
UA,SEA,MCO,19,5.931578947368421,795.3695652173913
UA,SEA,MIA,20,-1.6650000000000003,798.7716894977169
UA,SEA,ORD,29,6.789655172413793,808.7327188940092
UA,SEA,PHX,19,7.14736842105263,789.9717514124294
UA,SEA,SFO,17,6.823529411764705,825.2115384615385
UA,SFO,ATL,29,4.4206896551724135,796.5406698564593
UA,SFO,BOS,13,9.4,794.0201005025126
UA,SFO,CLT,15,6.986666666666667,750.6715686274509
UA,SFO,DEN,37,3.1459459459459462,788.2352941176471
UA,SFO,DFW,15,10.639999999999999,820.3678756476684
UA,SFO,IAH,29,6.962068965517242,770.7142857142857
UA,SFO,JFK,23,5.343478260869565,827.4976303317535
UA,SFO,LAS,30,5.6033333333333335,803.169014084507
UA,SFO,LAX,21,7.561904761904763,842.0610328638497
UA,SFO,MCO,14,3.3214285714285716,812.7474226804123
UA,SFO,MIA,19,11.189473684210526,793.0
UA,SFO,ORD,22,5.195454545454545,820.8169014084507
UA,SFO,PHX,21,7.057142857142857,774.7638190954774
UA,SFO,SEA,19,6.221052631578947,752.8284313725491
WN,ATL,BOS,20,2.69,807.4619289340102
WN,ATL,CLT,24,9.570833333333333,843.3989637305699
WN,ATL,DEN,18,6.022222222222222,804.2209944751381
WN,ATL,DFW,20,6.49,777.4787234042553
WN,ATL,IAH,23,4.3826086956521735,785.7715736040609
WN,ATL,JFK,25,-1.1439999999999997,782.7303921568628
WN,ATL,LAS,22,3.7409090909090907,804.6227272727273
WN,ATL,LAX,21,4.166666666666667,785.655
WN,ATL,MCO,19,1.0157894736842108,797.8756476683938
WN,ATL,MIA,17,5.811764705882353,790.5970149253732
WN,ATL,ORD,25,3.072,805.3066037735849
WN,ATL,PHX,21,5.171428571428572,800.9834254143647
WN,ATL,SEA,26,5.019230769230769,798.0098039215686
WN,ATL,SFO,22,6.6909090909090905,793.1024390243903
WN,BOS,ATL,17,2.3823529411764706,779.0952380952381
WN,BOS,CLT,31,3.0516129032258066,820.0291262135922
WN,BOS,DEN,16,-1.2437500000000001,793.0725388601036
WN,BOS,DFW,30,4.83,826.3589743589744
WN,BOS,IAH,14,3.9,824.7981220657277
WN,BOS,JFK,15,0.3733333333333334,843.0944444444444
WN,BOS,LAS,25,2.7439999999999998,792.4460784313726
WN,BOS,LAX,26,7.515384615384614,835.981308411215
WN,BOS,MCO,21,3.695238095238095,830.7377049180328
WN,BOS,MIA,20,3.2350000000000003,808.589519650655
WN,BOS,ORD,24,12.016666666666666,810.25
WN,BOS,PHX,21,2.0238095238095237,813.726368159204
WN,BOS,SEA,23,3.28695652173913,784.3476394849786
WN,BOS,SFO,20,6.305000000000001,798.5779816513761
WN,CLT,ATL,19,9.552631578947368,798.1116751269036
WN,CLT,BOS,19,3.157894736842105,775.32
WN,CLT,DEN,27,9.95185185185185,768.135265700483
WN,CLT,DFW,17,-0.35882352941176476,802.9563106796116
WN,CLT,IAH,15,12.226666666666667,771.9597989949749
WN,CLT,JFK,25,4.88,810.1881188118812
WN,CLT,LAS,13,-2.3923076923076922,804.5642458100559
WN,CLT,LAX,11,4.3545454545454545,800.9435897435898
WN,CLT,MCO,19,2.6526315789473687,805.4028436018957
WN,CLT,MIA,26,0.6,786.1904761904761
WN,CLT,ORD,11,-0.34545454545454535,831.7637362637363
WN,CLT,PHX,20,6.195,822.6117021276596
WN,CLT,SEA,25,6.3,798.6986899563319
WN,CLT,SFO,22,5.0227272727272725,806.3930348258707
WN,DEN,ATL,17,11.841176470588236,802.2378640776699
WN,DEN,BOS,28,4.978571428571429,751.7365853658537
WN,DEN,CLT,19,15.868421052631579,767.3484162895927
WN,DEN,DFW,21,7.766666666666667,780.903743315508
WN,DEN,IAH,11,-2.6545454545454543,807.5217391304348
WN,DEN,JFK,30,6.63,814.1857142857143
WN,DEN,LAS,23,5.878260869565217,811.6698113207547
WN,DEN,LAX,27,0.5703703703703703,767.1557788944724
WN,DEN,MCO,11,-0.17272727272727276,807.2153110047847
WN,DEN,MIA,20,5.775,795.7177033492823
WN,DEN,ORD,20,5.5600000000000005,820.5048076923077
WN,DEN,PHX,22,1.6636363636363638,792.6989795918367
WN,DEN,SEA,21,8.385714285714286,804.3710407239819
WN,DEN,SFO,24,4.8999999999999995,805.3365853658537
WN,DFW,ATL,29,5.362068965517241,800.2707423580786
WN,DFW,BOS,16,-2.925,829.4619047619047
WN,DFW,CLT,21,5.7666666666666675,823.6022099447514
WN,DFW,DEN,17,3.735294117647059,815.4227272727272
WN,DFW,IAH,21,5.685714285714286,764.6564102564103
WN,DFW,JFK,20,5.3549999999999995,829.7533039647577
WN,DFW,LAS,19,10.978947368421052,772.2401960784314
WN,DFW,LAX,20,2.21,827.5970149253732
WN,DFW,MCO,16,9.15625,756.1207729468599
WN,DFW,MIA,23,6.856521739130434,817.574074074074
WN,DFW,ORD,28,5.45,782.7061611374407
WN,DFW,PHX,21,3.5999999999999996,836.0390243902439
WN,DFW,SEA,22,5.70909090909091,807.3317757009346
WN,DFW,SFO,19,9.452631578947368,819.2880434782609
WN,IAH,ATL,19,0.6210526315789473,801.1135135135136
WN,IAH,BOS,23,11.121739130434781,807.639175257732
WN,IAH,CLT,16,0.20624999999999977,785.8984771573604
WN,IAH,DEN,19,9.799999999999999,806.2829268292683
WN,IAH,DFW,21,0.4095238095238097,800.8712871287129
WN,IAH,JFK,11,1.0272727272727273,783.2338308457712
WN,IAH,LAS,20,7.334999999999999,807.57
WN,IAH,LAX,15,4.579999999999999,802.9121951219512
WN,IAH,MCO,19,1.4947368421052631,785.9065420560747
WN,IAH,MIA,14,2.0785714285714283,808.0909090909091
WN,IAH,ORD,23,11.882608695652175,769.2216494845361
WN,IAH,PHX,16,-0.6125,822.3131313131313
WN,IAH,SEA,24,5.2125,817.9073170731707
WN,IAH,SFO,19,-0.9526315789473687,780.3412322274881
WN,JFK,ATL,31,6.47741935483871,788.8011049723757
WN,JFK,BOS,20,5.74,793.4207920792079
WN,JFK,CLT,14,4.2785714285714285,803.7582938388625
WN,JFK,DEN,19,1.389473684210526,800.5792349726776
WN,JFK,DFW,18,11.405555555555557,825.3722943722944
WN,JFK,IAH,25,0.42399999999999993,809.3696682464455
WN,JFK,LAS,25,3.2760000000000002,847.1869158878504
WN,JFK,LAX,23,2.2478260869565214,805.9859813084112
WN,JFK,MCO,14,1.7214285714285713,771.4
WN,JFK,MIA,17,7.223529411764706,797.359375
WN,JFK,ORD,20,4.234999999999999,821.7025641025641
WN,JFK,PHX,24,10.241666666666667,780.1590909090909
WN,JFK,SEA,13,2.092307692307692,815.6102564102564
WN,JFK,SFO,15,9.993333333333334,783.9103773584906
WN,LAS,ATL,12,3.7916666666666665,834.9824561403509
WN,LAS,BOS,21,9.528571428571428,773.6030927835052
WN,LAS,CLT,24,3.220833333333333,794.5288888888889
WN,LAS,DEN,22,4.763636363636364,826.6307692307693
WN,LAS,DFW,20,5.035,788.812834224599
WN,LAS,IAH,18,3.111111111111111,781.5989847715736
WN,LAS,JFK,15,12.573333333333332,800.8048780487804
WN,LAS,LAX,17,5.023529411764706,805.0
WN,LAS,MCO,20,3.6849999999999996,808.0582524271845
WN,LAS,MIA,17,5.876470588235294,773.0634146341464
WN,LAS,ORD,21,6.923809523809524,770.452380952381
WN,LAS,PHX,19,7.9789473684210535,800.1493212669683
WN,LAS,SEA,16,2.1312499999999996,828.9117647058823
WN,LAS,SFO,20,6.765000000000001,798.1231527093596
WN,LAX,ATL,16,2.2375000000000003,828.5174129353234
WN,LAX,BOS,17,2.0588235294117645,775.7233009708738
WN,LAX,CLT,12,8.458333333333334,756.7808988764045
WN,LAX,DEN,21,8.085714285714285,792.0697674418604
WN,LAX,DFW,17,3.7941176470588234,786.9319371727748
WN,LAX,IAH,24,3.1875,792.6124401913876
WN,LAX,JFK,19,5.647368421052631,796.2446808510638
WN,LAX,LAS,15,4.739999999999999,813.9197860962566
WN,LAX,MCO,24,8.254166666666666,765.9629629629629
WN,LAX,MIA,27,6.925925925925926,811.3015873015873
WN,LAX,ORD,20,-2.6,819.5124378109452
WN,LAX,PHX,28,2.3535714285714286,817.0892857142857
WN,LAX,SEA,22,1.236363636363636,855.2303664921466
WN,LAX,SFO,28,0.4250000000000001,848.3434343434343
WN,MCO,ATL,23,4.130434782608695,816.7227272727273
WN,MCO,BOS,15,5.946666666666668,786.8908045977012
WN,MCO,CLT,22,8.227272727272727,798.5598086124402
WN,MCO,DEN,17,5.452941176470588,752.9431279620853
WN,MCO,DFW,25,8.42,809.6732673267327
WN,MCO,IAH,22,5.004545454545455,783.6237623762377
WN,MCO,JFK,20,7.695,807.5196078431372
WN,MCO,LAS,13,0.030769230769230525,783.06
WN,MCO,LAX,19,12.33157894736842,794.035175879397
WN,MCO,MIA,27,-1.937037037037037,838.9805825242719
WN,MCO,ORD,20,-0.8950000000000001,780.1862745098039
WN,MCO,PHX,21,4.261904761904762,778.8669950738916
WN,MCO,SEA,19,-0.7999999999999999,803.6467889908257
WN,MCO,SFO,24,-1.625,821.9505494505495
WN,MIA,ATL,23,11.35217391304348,797.5255102040817
WN,MIA,BOS,26,2.3423076923076924,803.4736842105264
WN,MIA,CLT,18,1.288888888888889,817.2010309278351
WN,MIA,DEN,27,7.4148148148148145,798.4368932038835
WN,MIA,DFW,21,3.6904761904761907,766.040404040404
WN,MIA,IAH,11,9.063636363636364,772.025
WN,MIA,JFK,16,6.5249999999999995,765.0652173913044
WN,MIA,LAS,17,0.5941176470588234,832.6120218579235
WN,MIA,LAX,22,4.704545454545454,791.4919786096257
WN,MIA,MCO,13,8.915384615384616,813.4656084656085
WN,MIA,ORD,20,-0.7849999999999999,810.4780487804878
WN,MIA,PHX,24,5.879166666666666,785.0297029702971
WN,MIA,SEA,22,2.809090909090909,800.9593908629441
WN,MIA,SFO,25,10.468,792.4719101123595
WN,ORD,ATL,22,3.4227272727272724,803.7914691943128
WN,ORD,BOS,27,2.3444444444444446,786.775
WN,ORD,CLT,21,1.6333333333333335,809.0338164251208
WN,ORD,DEN,18,-1.0166666666666666,748.5149700598803
WN,ORD,DFW,21,-1.0,807.280612244898
WN,ORD,IAH,28,1.8000000000000003,798.9742489270386
WN,ORD,JFK,21,3.8333333333333335,794.7510917030568
WN,ORD,LAS,14,6.8,793.4497354497355
WN,ORD,LAX,20,2.73,821.8911917098445
WN,ORD,MCO,17,7.117647058823529,828.413953488372
WN,ORD,MIA,22,2.859090909090909,778.9392523364486
WN,ORD,PHX,26,3.3576923076923078,801.1550802139037
WN,ORD,SEA,19,5.2105263157894735,823.2944162436548
WN,ORD,SFO,22,3.0181818181818185,826.6153846153846
WN,PHX,ATL,15,7.62,813.2408376963351
WN,PHX,BOS,23,3.991304347826087,811.2487804878049
WN,PHX,CLT,19,2.568421052631579,769.4162679425838
WN,PHX,DEN,17,2.6117647058823534,816.8167539267016
WN,PHX,DFW,27,3.9592592592592593,783.7652582159625
WN,PHX,IAH,20,2.075,760.0742574257425
WN,PHX,JFK,17,7.423529411764705,811.896860986547
WN,PHX,LAS,22,8.095454545454546,820.3365853658537
WN,PHX,LAX,20,1.235,795.3473684210526
WN,PHX,MCO,19,8.789473684210526,816.7098445595855
WN,PHX,MIA,15,6.166666666666667,787.5130890052357
WN,PHX,ORD,21,3.6666666666666665,779.1728971962617
WN,PHX,SEA,26,1.553846153846154,784.2119815668203
WN,PHX,SFO,24,5.025,786.1313131313132
WN,SEA,ATL,23,0.9782608695652174,747.935
WN,SEA,BOS,26,2.8076923076923075,785.2281553398059
WN,SEA,CLT,16,0.91875,831.685393258427
WN,SEA,DEN,16,3.54375,822.4972067039106
WN,SEA,DFW,23,2.7,796.0772727272728
WN,SEA,IAH,23,3.652173913043478,778.0761904761905
WN,SEA,JFK,25,5.66,809.3860465116279
WN,SEA,LAS,26,-0.8423076923076922,809.6682464454976
WN,SEA,LAX,21,7.433333333333333,798.7942583732057
WN,SEA,MCO,23,3.7652173913043474,795.3695652173913
WN,SEA,MIA,20,9.385000000000002,798.7716894977169
WN,SEA,ORD,21,-1.4047619047619047,808.7327188940092
WN,SEA,PHX,19,1.4157894736842105,789.9717514124294
WN,SEA,SFO,17,3.4764705882352938,825.2115384615385
WN,SFO,ATL,21,3.1238095238095234,796.5406698564593
WN,SFO,BOS,18,4.883333333333333,794.0201005025126
WN,SFO,CLT,21,1.2523809523809522,750.6715686274509
WN,SFO,DEN,18,3.022222222222222,788.2352941176471
WN,SFO,DFW,16,5.98125,820.3678756476684
WN,SFO,IAH,17,7.358823529411764,770.7142857142857
WN,SFO,JFK,23,-0.9130434782608695,827.4976303317535
WN,SFO,LAS,19,7.121052631578948,803.169014084507
WN,SFO,LAX,20,1.17,842.0610328638497
WN,SFO,MCO,16,-0.60625,812.7474226804123
WN,SFO,MIA,25,5.04,793.0
WN,SFO,ORD,30,11.206666666666667,820.8169014084507
WN,SFO,PHX,27,5.851851851851852,774.7638190954774
WN,SFO,SEA,25,4.636,752.8284313725491
