STATION,DATE,TEMP,PRCP,WIND,VISIBILITY,CEILING
USW00013874,2022-12-01,32.0,0.51,12.1,8.0,23432
USW00013874,2022-12-02,13.9,0.10500000000000001,4.8,8.0,25598
USW00013874,2022-12-03,41.9,0.5700000000000001,1.9,3.84,19007
USW00013874,2022-12-04,31.7,0.15000000000000002,22.9,5.120000000000001,12701
USW00013874,2022-12-05,38.9,0.22499999999999998,2.4,5.760000000000001,25922
USW00013874,2022-12-06,14.5,0.0,21.1,5.760000000000001,26935
USW00013874,2022-12-07,50.0,0.06,6.2,8.0,20922
USW00013874,2022-12-08,38.6,0.12,5.2,8.0,15814
USW00013874,2022-12-09,10.2,0.015,16.8,2.8800000000000003,41780
USW00013874,2022-12-10,36.0,0.045,2.4,5.28,4251
USW00013874,2022-12-11,34.1,0.195,2.3,6.88,20724
USW00013874,2022-12-12,31.4,0.12,12.7,6.720000000000001,15872
USW00013874,2022-12-13,49.5,0.18,1.0,2.08,12853
USW00013874,2022-12-14,35.1,0.09,15.3,4.16,26643
USW00013874,2022-12-15,50.0,0.21000000000000002,11.5,6.640000000000001,26222
USW00013874,2022-12-16,44.4,0.21000000000000002,12.9,0.0,21312
USW00013874,2022-12-17,54.1,0.07500000000000001,17.0,2.64,22625
USW00013874,2022-12-18,53.1,0.30000000000000004,9.5,8.0,32680
USW00013874,2022-12-19,47.6,0.09,6.5,6.16,-543
USW00013874,2022-12-20,33.8,0.0,11.6,7.440000000000001,11770
USW00013874,2022-12-21,23.6,0.07500000000000001,1.4,4.5600000000000005,10832
USW00013874,2022-12-22,-4.3,0.06,3.3,3.6,12935
USW00013874,2022-12-23,18.3,0.12,6.4,8.0,15034
USW00013874,2022-12-24,25.6,0.07500000000000001,5.4,5.5200000000000005,16278
USW00013874,2022-12-25,16.3,0.43499999999999994,3.9,7.359999999999999,8062
USW00013874,2022-12-26,30.0,0.09,8.1,7.28,14330
USW00013874,2022-12-27,50.1,0.42000000000000004,9.1,2.8800000000000003,13462
USW00013874,2022-12-28,10.2,0.03,19.4,7.040000000000001,9142
USW00013874,2022-12-29,37.1,0.03,3.4,8.0,31952
USW00013874,2022-12-30,27.0,0.135,26.0,7.120000000000001,22036
USW00013874,2022-12-31,31.9,0.10500000000000001,8.3,7.440000000000001,19123
USW00013874,2023-01-01,32.4,0.015,12.5,4.64,18318
USW00013874,2023-01-02,47.9,0.09,6.5,6.08,25601
USW00013874,2023-01-03,17.5,0.34500000000000003,11.2,5.120000000000001,22323
USW00013874,2023-01-04,25.6,0.63,6.8,7.6000000000000005,19785
USW00013874,2023-01-05,48.7,0.165,6.0,7.440000000000001,12994
USW00013874,2023-01-06,32.9,0.045,6.9,8.0,7783
USW00013874,2023-01-07,41.6,0.09,12.2,7.2,5030
USW00013874,2023-01-08,30.8,0.06,8.6,8.0,37772
USW00013874,2023-01-09,42.3,0.315,11.2,4.64,13094
USW00013874,2023-01-10,30.5,0.045,1.1,8.0,19970
USW00013874,2023-01-11,-1.8,0.09,17.8,3.7600000000000002,15101
USW00013874,2023-01-12,27.2,0.07500000000000001,8.0,4.5600000000000005,38795
USW00013874,2023-01-13,30.5,0.09,15.6,7.440000000000001,20639
USW00013874,2023-01-14,18.6,0.0,8.0,7.6000000000000005,25441
USW00013874,2023-01-15,52.9,0.07500000000000001,10.3,6.16,28112
USW00013874,2023-01-16,36.6,0.255,8.7,5.44,4526
USW00013874,2023-01-17,41.7,0.015,0.7,2.32,17854
USW00013874,2023-01-18,38.9,0.06,5.9,8.0,19403
USW00013874,2023-01-19,28.4,0.48,10.8,3.44,12002
USW00013874,2023-01-20,49.2,0.135,5.3,3.04,10844
USW00013874,2023-01-21,36.2,0.015,8.6,6.4,10654
USW00013874,2023-01-22,37.1,0.30000000000000004,17.6,7.2,42199
USW00013874,2023-01-23,15.8,0.22499999999999998,6.3,7.68,22849
USW00013874,2023-01-24,46.3,0.15000000000000002,8.9,8.0,10590
USW00013874,2023-01-25,40.7,0.12,17.3,5.120000000000001,29221
USW00013874,2023-01-26,53.6,0.33,14.4,5.760000000000001,11208
USW00013874,2023-01-27,44.4,0.39,16.6,8.0,32422
USW00013874,2023-01-28,38.3,0.195,4.0,6.4,2253
USW00013874,2023-01-29,-4.8,0.10500000000000001,10.0,3.9200000000000004,6924
USW00013874,2023-01-30,46.7,0.10500000000000001,11.0,7.76,9731
USW00013874,2023-01-31,37.3,0.255,4.1,6.0,14889
USW00013874,2023-02-01,46.5,0.375,1.7,8.0,41186
USW00013874,2023-02-02,47.6,0.03,0.8,5.920000000000001,7637
USW00013874,2023-02-03,17.2,0.09,25.7,8.0,9709
USW00013874,2023-02-04,38.1,0.03,8.1,7.840000000000001,34508
USW00013874,2023-02-05,60.3,0.6000000000000001,12.3,6.96,13776
USW00013874,2023-02-06,56.7,0.12,7.8,8.0,37
USW00013874,2023-02-07,27.8,0.03,20.6,5.760000000000001,23175
USW00013874,2023-02-08,60.5,0.03,20.4,4.4799999999999995,20588
USW00013874,2023-02-09,47.4,0.015,43.2,8.0,42965
USW00013874,2023-02-10,35.4,0.5700000000000001,10.5,4.32,18799
USW00013874,2023-02-11,30.2,0.015,5.8,6.720000000000001,22170
USW00013874,2023-02-12,56.3,0.03,9.4,7.5200000000000005,22431
USW00013874,2023-02-13,32.9,0.22499999999999998,16.6,6.56,32593
USW00013874,2023-02-14,23.3,0.30000000000000004,16.9,4.4,25390
USW00013874,2023-02-15,9.1,0.015,15.4,4.5600000000000005,39972
USW00013874,2023-02-16,54.1,0.07500000000000001,6.5,5.84,33136
USW00013874,2023-02-17,34.1,0.27,6.5,5.920000000000001,30347
USW00013874,2023-02-18,44.1,0.09,6.4,3.3600000000000003,13063
USW00013874,2023-02-19,30.3,0.24,2.6,4.800000000000001,20759
USW00013874,2023-02-20,37.0,0.22499999999999998,6.7,7.840000000000001,10131
USW00013874,2023-02-21,31.9,0.255,11.2,6.720000000000001,28050
USW00013874,2023-02-22,29.7,0.30000000000000004,14.0,6.640000000000001,9513
USW00013874,2023-02-23,46.5,0.30000000000000004,6.3,8.0,40734
USW00013874,2023-02-24,14.1,0.045,0.9,6.56,34981
USW00013874,2023-02-25,77.8,0.07500000000000001,13.7,6.32,25570
USW00013874,2023-02-26,31.6,0.09,22.2,1.6,19252
USW00013874,2023-02-27,23.4,0.015,3.7,4.0,7198
USW00013874,2023-02-28,24.6,0.09,12.3,8.0,22071
USW00023174,2022-12-01,49.2,0.03,7.7,4.5600000000000005,20301
USW00023174,2022-12-02,45.8,0.33,13.0,8.0,5446
USW00023174,2022-12-03,36.5,0.195,2.2,8.0,21767
USW00023174,2022-12-04,29.5,0.015,3.0,6.88,24227
USW00023174,2022-12-05,18.4,0.0,10.8,6.08,13283
USW00023174,2022-12-06,39.9,0.045,2.3,6.24,24773
USW00023174,2022-12-07,23.2,0.09,7.5,4.720000000000001,16263
USW00023174,2022-12-08,30.1,0.24,10.3,5.36,12412
USW00023174,2022-12-09,25.4,0.12,2.7,8.0,33530
USW00023174,2022-12-10,35.7,0.15000000000000002,1.8,3.44,9885
USW00023174,2022-12-11,25.4,0.24,1.4,6.08,6641
USW00023174,2022-12-12,43.5,0.135,10.6,5.5200000000000005,21376
USW00023174,2022-12-13,44.3,0.135,4.0,8.0,10274
USW00023174,2022-12-14,11.9,0.135,24.8,8.0,22348
USW00023174,2022-12-15,31.6,0.51,11.6,6.96,8923
USW00023174,2022-12-16,32.5,0.24,5.6,6.96,21260
USW00023174,2022-12-17,32.5,0.06,3.3,3.6,25203
USW00023174,2022-12-18,37.4,0.165,10.1,5.760000000000001,22042
USW00023174,2022-12-19,59.5,0.43499999999999994,4.4,5.5200000000000005,24780
USW00023174,2022-12-20,19.2,0.0,2.2,2.0,26635
USW00023174,2022-12-21,18.1,0.18,4.5,4.720000000000001,13979
USW00023174,2022-12-22,34.1,0.015,9.5,5.68,29220
USW00023174,2022-12-23,15.7,0.12,8.4,6.08,6697
USW00023174,2022-12-24,25.4,0.22499999999999998,11.9,6.88,15074
USW00023174,2022-12-25,61.9,0.15000000000000002,0.9,5.04,29331
USW00023174,2022-12-26,59.5,0.045,13.4,5.5200000000000005,27872
USW00023174,2022-12-27,23.6,0.015,13.9,8.0,23482
USW00023174,2022-12-28,40.6,0.15000000000000002,2.3,2.72,10629
USW00023174,2022-12-29,19.3,0.5700000000000001,19.7,4.4,10357
USW00023174,2022-12-30,60.0,0.135,13.0,8.0,13857
USW00023174,2022-12-31,37.0,0.12,5.4,6.32,26754
USW00023174,2023-01-01,32.6,0.03,6.2,3.5200000000000005,16131
USW00023174,2023-01-02,28.4,0.045,18.0,5.84,21792
USW00023174,2023-01-03,18.1,0.03,0.7,6.08,27101
USW00023174,2023-01-04,37.9,0.10500000000000001,7.8,4.64,10966
USW00023174,2023-01-05,32.0,0.30000000000000004,6.1,8.0,12233
USW00023174,2023-01-06,34.0,0.015,6.4,8.0,24015
USW00023174,2023-01-07,36.8,0.045,5.1,8.0,11582
USW00023174,2023-01-08,38.7,0.07500000000000001,8.6,4.88,30050
USW00023174,2023-01-09,43.6,0.10500000000000001,14.3,8.0,26881
USW00023174,2023-01-10,65.8,0.09,10.9,4.64,25269
USW00023174,2023-01-11,14.1,0.03,1.8,5.84,21242
USW00023174,2023-01-12,21.5,0.09,5.7,7.840000000000001,7682
USW00023174,2023-01-13,35.0,0.30000000000000004,7.1,4.24,52
USW00023174,2023-01-14,53.4,0.045,29.7,7.2,25383
USW00023174,2023-01-15,31.1,0.315,4.8,4.800000000000001,22518
USW00023174,2023-01-16,42.1,0.63,8.8,3.9200000000000004,14170
USW00023174,2023-01-17,28.5,0.10500000000000001,7.9,6.56,32925
USW00023174,2023-01-18,43.4,0.09,3.0,5.120000000000001,17825
USW00023174,2023-01-19,48.4,0.03,6.8,8.0,24107
USW00023174,2023-01-20,26.6,0.15000000000000002,3.0,3.2,17584
USW00023174,2023-01-21,54.9,0.03,5.0,7.2,16468
USW00023174,2023-01-22,59.3,0.15000000000000002,17.0,8.0,24211
USW00023174,2023-01-23,41.0,0.42000000000000004,8.2,4.4799999999999995,28352
USW00023174,2023-01-24,36.4,0.21000000000000002,15.7,5.04,23561
USW00023174,2023-01-25,38.4,0.045,23.8,7.840000000000001,21453
USW00023174,2023-01-26,27.7,0.255,5.1,5.760000000000001,29483
USW00023174,2023-01-27,19.7,0.06,4.5,6.48,2229
USW00023174,2023-01-28,52.3,0.06,13.8,7.2,51536
USW00023174,2023-01-29,66.8,0.015,25.6,7.440000000000001,15777
USW00023174,2023-01-30,-7.4,0.28500000000000003,6.3,8.0,-3606
USW00023174,2023-01-31,29.1,0.24,10.7,8.0,24517
USW00023174,2023-02-01,47.9,0.015,18.7,4.24,18868
USW00023174,2023-02-02,21.3,0.44999999999999996,3.3,4.4,16566
USW00023174,2023-02-03,37.4,0.10500000000000001,5.8,8.0,13835
USW00023174,2023-02-04,38.9,0.34500000000000003,19.1,3.28,16034
USW00023174,2023-02-05,11.4,0.03,13.9,5.120000000000001,28619
USW00023174,2023-02-06,41.2,0.22499999999999998,4.0,3.2,19492
USW00023174,2023-02-07,31.3,0.07500000000000001,25.9,7.040000000000001,25317
USW00023174,2023-02-08,38.0,0.0,8.6,8.0,21348
USW00023174,2023-02-09,43.1,0.015,6.3,7.76,32888
USW00023174,2023-02-10,19.8,0.045,3.2,5.2,14900
USW00023174,2023-02-11,38.1,0.06,6.7,8.0,15073
USW00023174,2023-02-12,41.5,0.27,17.2,8.0,37741
USW00023174,2023-02-13,38.4,0.015,2.5,5.04,22821
USW00023174,2023-02-14,16.1,0.06,13.6,5.120000000000001,26144
USW00023174,2023-02-15,44.1,0.0,15.5,8.0,18171
USW00023174,2023-02-16,31.2,0.18,12.1,6.88,27014
USW00023174,2023-02-17,19.4,0.015,4.8,2.72,26010
USW00023174,2023-02-18,27.8,0.615,11.5,7.6000000000000005,26949
USW00023174,2023-02-19,38.6,0.0,10.2,7.76,13115
USW00023174,2023-02-20,19.2,0.015,6.6,7.440000000000001,18689
USW00023174,2023-02-21,42.5,0.015,17.9,5.44,22987
USW00023174,2023-02-22,42.6,0.06,12.0,8.0,41834
USW00023174,2023-02-23,45.2,0.07500000000000001,3.7,7.28,10404
USW00023174,2023-02-24,40.0,0.22499999999999998,8.5,5.04,24310
USW00023174,2023-02-25,20.8,0.255,4.6,1.7600000000000002,11941
USW00023174,2023-02-26,33.2,0.42000000000000004,8.7,8.0,17835
USW00023174,2023-02-27,26.3,0.09,5.9,1.8399999999999999,27943
USW00023174,2023-02-28,23.7,0.22499999999999998,8.9,7.68,8894
USW00094846,2022-12-01,33.2,0.195,5.3,7.28,25222
USW00094846,2022-12-02,38.8,0.135,7.8,8.0,22019
USW00094846,2022-12-03,54.1,0.15000000000000002,9.2,3.7600000000000002,-801
USW00094846,2022-12-04,30.0,0.03,8.4,4.64,32799
USW00094846,2022-12-05,23.5,0.045,24.9,6.08,18202
USW00094846,2022-12-06,47.7,0.045,2.7,3.12,12412
USW00094846,2022-12-07,75.0,0.015,3.8,5.36,30756
USW00094846,2022-12-08,25.7,0.30000000000000004,6.0,2.4000000000000004,2387
USW00094846,2022-12-09,48.9,0.07500000000000001,4.6,5.2,20674
USW00094846,2022-12-10,51.6,0.15000000000000002,12.3,4.960000000000001,30827
USW00094846,2022-12-11,11.5,0.10500000000000001,13.1,5.04,19670
USW00094846,2022-12-12,47.3,0.6000000000000001,2.1,8.0,39958
USW00094846,2022-12-13,26.7,0.0,6.3,5.28,4697
USW00094846,2022-12-14,51.6,0.015,8.4,5.920000000000001,12934
USW00094846,2022-12-15,47.2,0.09,11.9,5.5200000000000005,22885
USW00094846,2022-12-16,29.9,0.03,29.5,7.840000000000001,5481
USW00094846,2022-12-17,25.0,0.045,2.2,6.4,15757
USW00094846,2022-12-18,52.7,0.195,10.6,4.4799999999999995,18561
USW00094846,2022-12-19,-3.8,0.28500000000000003,2.7,8.0,24100
USW00094846,2022-12-20,21.3,0.12,8.2,6.96,31391
USW00094846,2022-12-21,5.7,0.315,3.6,4.4799999999999995,20732
USW00094846,2022-12-22,17.0,0.03,12.8,3.04,20836
USW00094846,2022-12-23,41.1,0.12,6.1,2.9600000000000004,17331
USW00094846,2022-12-24,16.1,0.165,12.9,3.9200000000000004,29212
USW00094846,2022-12-25,36.7,0.15000000000000002,9.9,8.0,10001
USW00094846,2022-12-26,45.3,0.0,8.1,7.68,16659
USW00094846,2022-12-27,48.3,0.12,11.9,8.0,15679
USW00094846,2022-12-28,50.7,0.0,8.0,8.0,20874
USW00094846,2022-12-29,9.6,0.15000000000000002,6.3,4.800000000000001,-2532
USW00094846,2022-12-30,36.8,0.22499999999999998,3.9,7.040000000000001,17540
USW00094846,2022-12-31,43.7,0.78,12.0,6.800000000000001,25291
USW00094846,2023-01-01,44.8,0.09,15.0,8.0,17458
USW00094846,2023-01-02,27.5,0.135,17.4,3.84,3804
USW00094846,2023-01-03,32.6,0.165,5.0,7.68,9523
USW00094846,2023-01-04,27.7,0.165,3.3,5.44,13056
USW00094846,2023-01-05,39.5,0.015,15.5,5.68,23763
USW00094846,2023-01-06,42.7,0.015,6.4,6.48,24654
USW00094846,2023-01-07,14.5,0.24,6.7,7.2,19314
USW00094846,2023-01-08,52.6,0.195,20.7,6.0,21423
USW00094846,2023-01-09,32.5,0.015,4.4,7.28,22277
USW00094846,2023-01-10,31.3,0.15000000000000002,12.0,6.0,14251
USW00094846,2023-01-11,23.9,0.03,16.5,6.16,10409
USW00094846,2023-01-12,42.3,0.07500000000000001,2.9,6.800000000000001,30816
USW00094846,2023-01-13,52.3,0.045,10.3,7.2,21662
USW00094846,2023-01-14,45.1,0.66,14.5,8.0,4492
USW00094846,2023-01-15,53.2,0.255,24.7,6.800000000000001,761
USW00094846,2023-01-16,24.0,0.21000000000000002,7.7,2.8000000000000003,30900
USW00094846,2023-01-17,49.4,0.5249999999999999,1.3,2.08,27883
USW00094846,2023-01-18,5.3,0.21000000000000002,4.9,4.08,7696
USW00094846,2023-01-19,25.7,0.07500000000000001,4.9,4.800000000000001,27627
USW00094846,2023-01-20,33.6,0.34500000000000003,25.9,6.24,-1608
USW00094846,2023-01-21,20.2,0.0,16.6,6.0,26202
USW00094846,2023-01-22,41.5,0.045,3.0,2.4800000000000004,23898
USW00094846,2023-01-23,44.7,0.12,13.8,8.0,27185
USW00094846,2023-01-24,23.4,0.28500000000000003,4.7,4.32,11506
USW00094846,2023-01-25,47.0,0.045,6.6,5.6000000000000005,40707
USW00094846,2023-01-26,44.9,0.03,6.4,8.0,15328
USW00094846,2023-01-27,19.0,0.015,10.8,6.56,9879
USW00094846,2023-01-28,48.7,0.07500000000000001,2.0,7.040000000000001,1785
USW00094846,2023-01-29,13.6,0.015,10.6,8.0,11418
USW00094846,2023-01-30,34.1,0.135,4.1,8.0,24371
USW00094846,2023-01-31,49.8,0.18,4.9,6.0,15643
USW00094846,2023-02-01,25.7,0.015,18.0,7.359999999999999,14288
USW00094846,2023-02-02,25.6,0.5700000000000001,2.9,5.36,33366
USW00094846,2023-02-03,47.5,0.255,23.1,8.0,26190
USW00094846,2023-02-04,61.8,0.045,9.6,8.0,19329
USW00094846,2023-02-05,43.1,0.045,5.3,5.920000000000001,-4505
USW00094846,2023-02-06,53.6,0.015,10.6,7.440000000000001,18029
USW00094846,2023-02-07,38.0,0.03,13.8,6.88,34014
USW00094846,2023-02-08,21.5,0.375,29.7,6.56,31299
USW00094846,2023-02-09,47.7,0.34500000000000003,11.6,6.720000000000001,13284
USW00094846,2023-02-10,69.3,0.165,20.8,7.840000000000001,28040
USW00094846,2023-02-11,17.4,0.43499999999999994,2.5,8.0,22080
USW00094846,2023-02-12,28.3,0.34500000000000003,2.9,7.359999999999999,19787
USW00094846,2023-02-13,60.5,0.015,4.5,8.0,15108
USW00094846,2023-02-14,20.7,0.22499999999999998,20.3,6.32,10000
USW00094846,2023-02-15,64.7,0.07500000000000001,6.3,6.32,6061
USW00094846,2023-02-16,10.3,0.03,6.6,6.48,10065
USW00094846,2023-02-17,33.9,0.07500000000000001,5.2,5.44,5965
USW00094846,2023-02-18,32.3,0.33,1.6,2.64,10520
USW00094846,2023-02-19,20.2,0.15000000000000002,11.1,5.36,26494
USW00094846,2023-02-20,44.6,0.015,7.6,8.0,20745
USW00094846,2023-02-21,27.2,0.09,20.5,6.24,14510
USW00094846,2023-02-22,46.3,0.48,8.0,2.8000000000000003,12558
USW00094846,2023-02-23,44.0,0.045,5.1,5.6000000000000005,22509
USW00094846,2023-02-24,62.0,0.255,11.8,4.64,8505
USW00094846,2023-02-25,58.0,0.315,6.5,8.0,8377
USW00094846,2023-02-26,34.9,0.09,18.5,5.68,27902
USW00094846,2023-02-27,27.7,0.135,14.6,8.0,29503
USW00094846,2023-02-28,39.3,0.39,18.9,8.0,41791
USW00003927,2022-12-01,20.5,0.12,10.9,1.2800000000000002,18316
USW00003927,2022-12-02,43.2,0.10500000000000001,9.2,8.0,9293
USW00003927,2022-12-03,34.6,0.03,7.7,8.0,9032
USW00003927,2022-12-04,43.0,0.44999999999999996,3.7,8.0,8146
USW00003927,2022-12-05,52.4,0.36,0.6,8.0,16669
USW00003927,2022-12-06,36.4,0.045,4.8,3.2,10066
USW00003927,2022-12-07,15.1,0.03,7.5,8.0,36138
USW00003927,2022-12-08,33.1,0.12,9.6,4.5600000000000005,26649
USW00003927,2022-12-09,46.7,0.22499999999999998,3.3,6.0,-262
USW00003927,2022-12-10,41.9,0.255,18.5,8.0,16683
USW00003927,2022-12-11,53.1,0.135,7.5,6.0,31495
USW00003927,2022-12-12,33.1,0.135,7.1,4.08,4053
USW00003927,2022-12-13,40.7,0.165,15.5,8.0,30077
USW00003927,2022-12-14,37.7,0.27,7.9,7.359999999999999,15267
USW00003927,2022-12-15,34.2,0.045,10.4,8.0,19732
USW00003927,2022-12-16,51.0,0.315,9.8,1.36,13764
USW00003927,2022-12-17,83.4,0.06,4.9,3.84,19417
USW00003927,2022-12-18,31.8,0.09,1.5,8.0,27205
USW00003927,2022-12-19,19.1,0.36,13.6,4.32,6763
USW00003927,2022-12-20,45.3,0.21000000000000002,10.1,4.24,42350
USW00003927,2022-12-21,26.6,0.045,2.8,6.640000000000001,11579
USW00003927,2022-12-22,56.0,0.39,2.7,8.0,5562
USW00003927,2022-12-23,20.1,0.12,5.6,2.4800000000000004,-1215
USW00003927,2022-12-24,34.9,0.07500000000000001,6.3,5.5200000000000005,15936
USW00003927,2022-12-25,44.4,0.42000000000000004,30.3,5.68,25869
USW00003927,2022-12-26,36.3,0.66,22.8,7.120000000000001,16896
USW00003927,2022-12-27,11.9,0.24,2.6,6.88,36941
USW00003927,2022-12-28,39.1,0.045,6.9,7.28,28265
USW00003927,2022-12-29,43.3,0.21000000000000002,6.7,5.04,24474
USW00003927,2022-12-30,34.7,0.12,1.3,4.960000000000001,25858
USW00003927,2022-12-31,40.5,0.0,9.4,8.0,6973
USW00003927,2023-01-01,29.7,0.015,3.2,8.0,19879
USW00003927,2023-01-02,22.4,0.09,6.8,7.840000000000001,28885
USW00003927,2023-01-03,51.0,0.07500000000000001,21.0,4.4799999999999995,6746
USW00003927,2023-01-04,51.8,0.10500000000000001,6.9,4.960000000000001,14531
USW00003927,2023-01-05,32.7,0.36,2.3,1.1199999999999999,24013
USW00003927,2023-01-06,30.3,0.045,10.9,6.96,14408
USW00003927,2023-01-07,40.9,0.165,8.7,2.4000000000000004,14403
USW00003927,2023-01-08,55.9,0.12,11.2,4.5600000000000005,13348
USW00003927,2023-01-09,48.7,0.03,30.3,8.0,23989
USW00003927,2023-01-10,26.3,0.165,5.1,7.6000000000000005,4473
USW00003927,2023-01-11,35.4,0.03,18.0,4.0,26050
USW00003927,2023-01-12,39.2,0.15000000000000002,12.2,3.44,6814
USW00003927,2023-01-13,35.2,0.195,15.7,6.08,4347
USW00003927,2023-01-14,30.0,0.10500000000000001,4.6,6.0,8778
USW00003927,2023-01-15,31.9,0.03,7.8,5.28,10216
USW00003927,2023-01-16,24.3,0.07500000000000001,37.4,7.359999999999999,2790
USW00003927,2023-01-17,22.9,0.0,5.0,6.32,23689
USW00003927,2023-01-18,35.4,0.06,11.7,8.0,22638
USW00003927,2023-01-19,49.8,0.045,12.3,5.5200000000000005,16440
USW00003927,2023-01-20,41.0,0.10500000000000001,3.1,7.120000000000001,27615
USW00003927,2023-01-21,21.9,0.03,4.3,3.7600000000000002,19224
USW00003927,2023-01-22,20.7,0.07500000000000001,1.1,4.800000000000001,11004
USW00003927,2023-01-23,48.5,0.315,1.8,6.0,19394
USW00003927,2023-01-24,33.2,0.10500000000000001,21.8,6.640000000000001,15987
USW00003927,2023-01-25,39.1,0.22499999999999998,5.0,8.0,19344
USW00003927,2023-01-26,20.8,0.18,2.8,6.88,19891
USW00003927,2023-01-27,33.1,0.0,4.0,3.6,12018
USW00003927,2023-01-28,47.6,0.10500000000000001,24.8,2.32,22392
USW00003927,2023-01-29,34.5,0.045,3.5,4.0,31184
USW00003927,2023-01-30,36.1,0.06,5.9,2.5600000000000005,4855
USW00003927,2023-01-31,26.2,0.015,17.2,6.08,17818
USW00003927,2023-02-01,41.3,0.10500000000000001,12.3,5.28,32161
USW00003927,2023-02-02,48.3,0.03,11.5,5.68,25960
USW00003927,2023-02-03,35.0,0.045,3.6,7.440000000000001,9246
USW00003927,2023-02-04,38.7,0.165,14.6,8.0,19694
USW00003927,2023-02-05,23.2,0.10500000000000001,9.5,4.720000000000001,23255
USW00003927,2023-02-06,41.3,0.09,6.4,4.24,15210
USW00003927,2023-02-07,21.8,0.045,14.9,6.800000000000001,24891
USW00003927,2023-02-08,35.4,0.135,17.1,2.16,22228
USW00003927,2023-02-09,42.1,0.03,12.7,5.760000000000001,10852
USW00003927,2023-02-10,45.8,0.12,33.6,6.56,16861
USW00003927,2023-02-11,31.1,0.045,18.5,5.44,-6883
USW00003927,2023-02-12,46.8,0.09,18.8,3.6799999999999997,23545
USW00003927,2023-02-13,37.8,0.48,10.2,8.0,15429
USW00003927,2023-02-14,40.6,0.54,11.9,4.720000000000001,30547
USW00003927,2023-02-15,30.8,0.10500000000000001,15.7,6.56,44872
USW00003927,2023-02-16,66.5,0.33,34.9,5.2,8980
USW00003927,2023-02-17,42.8,0.255,10.2,4.4,10797
USW00003927,2023-02-18,12.3,0.24,10.7,5.2,28276
USW00003927,2023-02-19,24.1,0.135,23.5,7.040000000000001,27607
USW00003927,2023-02-20,32.2,0.07500000000000001,2.8,4.720000000000001,31733
USW00003927,2023-02-21,56.9,0.46499999999999997,9.1,7.5200000000000005,18494
USW00003927,2023-02-22,22.5,0.195,2.1,7.040000000000001,-1259
USW00003927,2023-02-23,61.3,0.6000000000000001,0.2,8.0,18441
USW00003927,2023-02-24,28.2,0.03,11.1,4.5600000000000005,13149
USW00003927,2023-02-25,27.5,0.42000000000000004,11.2,6.4,36987
USW00003927,2023-02-26,29.8,0.12,1.7,4.88,26679
USW00003927,2023-02-27,44.4,0.44999999999999996,16.3,5.5200000000000005,15563
USW00003927,2023-02-28,39.8,0.12,5.3,5.6000000000000005,5582
USW00023062,2022-12-01,34.8,0.28500000000000003,5.4,2.9600000000000004,28940
USW00023062,2022-12-02,12.1,0.045,10.0,4.88,35922
USW00023062,2022-12-03,36.6,0.645,11.4,7.120000000000001,8614
USW00023062,2022-12-04,12.3,0.0,4.0,3.9200000000000004,17972
USW00023062,2022-12-05,13.4,0.195,14.2,4.0,9726
USW00023062,2022-12-06,-0.9,0.045,11.0,8.0,24640
USW00023062,2022-12-07,13.7,0.405,2.8,8.0,22178
USW00023062,2022-12-08,43.9,0.06,17.4,5.120000000000001,14837
USW00023062,2022-12-09,38.8,0.30000000000000004,23.3,6.640000000000001,1968
USW00023062,2022-12-10,26.5,0.195,8.5,3.28,7045
USW00023062,2022-12-11,51.9,0.07500000000000001,12.9,8.0,24475
USW00023062,2022-12-12,35.3,0.21000000000000002,14.9,7.68,17822
USW00023062,2022-12-13,33.8,0.03,19.9,8.0,31845
USW00023062,2022-12-14,38.6,0.495,3.5,8.0,16428
USW00023062,2022-12-15,41.1,0.375,6.4,7.359999999999999,6430
USW00023062,2022-12-16,32.2,0.07500000000000001,6.9,2.0,12813
USW00023062,2022-12-17,12.4,0.045,14.6,5.84,20039
USW00023062,2022-12-18,37.0,0.06,22.4,7.440000000000001,17698
USW00023062,2022-12-19,59.8,0.12,11.9,3.9200000000000004,25770
USW00023062,2022-12-20,59.1,0.07500000000000001,10.0,3.7600000000000002,18883
USW00023062,2022-12-21,48.8,0.07500000000000001,9.9,8.0,14121
USW00023062,2022-12-22,41.9,0.03,3.3,6.640000000000001,21878
USW00023062,2022-12-23,30.2,0.015,9.7,3.6,33763
USW00023062,2022-12-24,56.7,0.30000000000000004,3.4,3.6,10050
USW00023062,2022-12-25,25.3,0.405,8.1,6.4,29177
USW00023062,2022-12-26,36.8,0.045,9.4,8.0,11543
USW00023062,2022-12-27,36.5,0.06,1.5,5.44,12419
USW00023062,2022-12-28,62.5,0.045,9.1,8.0,26599
USW00023062,2022-12-29,17.5,0.07500000000000001,7.8,6.48,39911
USW00023062,2022-12-30,44.5,0.09,16.4,7.440000000000001,22981
USW00023062,2022-12-31,23.7,0.10500000000000001,18.8,8.0,27073
USW00023062,2023-01-01,59.5,0.15000000000000002,1.1,6.640000000000001,14739
USW00023062,2023-01-02,35.0,0.135,18.3,6.96,20001
USW00023062,2023-01-03,34.8,0.045,24.0,5.68,25996
USW00023062,2023-01-04,27.1,0.06,16.0,6.640000000000001,10995
USW00023062,2023-01-05,44.8,0.12,2.9,7.6000000000000005,25911
USW00023062,2023-01-06,20.1,0.10500000000000001,4.8,5.5200000000000005,26612
USW00023062,2023-01-07,45.0,0.045,12.2,5.920000000000001,13104
USW00023062,2023-01-08,7.9,0.21000000000000002,6.9,5.84,35823
USW00023062,2023-01-09,37.1,0.09,21.4,4.720000000000001,31227
USW00023062,2023-01-10,30.3,0.165,15.0,5.760000000000001,4961
USW00023062,2023-01-11,43.1,0.28500000000000003,13.9,7.040000000000001,11097
USW00023062,2023-01-12,26.1,0.135,11.9,5.760000000000001,16269
USW00023062,2023-01-13,37.8,0.135,15.2,3.04,30404
USW00023062,2023-01-14,35.4,0.15000000000000002,9.1,1.6800000000000002,12659
USW00023062,2023-01-15,63.9,0.045,9.6,3.6799999999999997,995
USW00023062,2023-01-16,33.6,0.43499999999999994,5.1,5.36,29918
USW00023062,2023-01-17,37.3,0.09,22.8,1.6,18487
USW00023062,2023-01-18,4.4,0.12,14.6,8.0,32416
USW00023062,2023-01-19,27.2,0.0,11.8,6.4,13020
USW00023062,2023-01-20,50.2,0.855,5.3,5.2,18698
USW00023062,2023-01-21,36.8,0.255,7.0,6.88,8403
USW00023062,2023-01-22,48.7,0.10500000000000001,7.1,4.16,18174
USW00023062,2023-01-23,39.4,0.07500000000000001,3.9,8.0,31826
USW00023062,2023-01-24,58.3,0.06,19.1,6.48,30449
USW00023062,2023-01-25,15.8,0.015,18.8,3.9200000000000004,7446
USW00023062,2023-01-26,34.9,0.07500000000000001,24.5,2.5600000000000005,26581
USW00023062,2023-01-27,32.6,0.06,10.3,7.040000000000001,11377
USW00023062,2023-01-28,25.3,0.12,10.5,6.56,22626
USW00023062,2023-01-29,52.7,0.045,16.9,6.56,18607
USW00023062,2023-01-30,24.1,0.045,12.1,5.44,12868
USW00023062,2023-01-31,39.8,0.15000000000000002,10.8,7.76,17508
USW00023062,2023-02-01,38.5,0.195,11.1,8.0,-3007
USW00023062,2023-02-02,17.2,0.255,7.0,8.0,19260
USW00023062,2023-02-03,38.6,0.22499999999999998,6.0,5.920000000000001,15562
USW00023062,2023-02-04,31.9,0.07500000000000001,9.9,5.2,21498
USW00023062,2023-02-05,29.3,0.03,11.9,5.04,27837
USW00023062,2023-02-06,62.3,0.03,12.6,8.0,14898
USW00023062,2023-02-07,34.0,0.045,20.2,5.120000000000001,19326
USW00023062,2023-02-08,58.5,0.15000000000000002,14.2,3.6,35655
USW00023062,2023-02-09,33.8,0.09,20.3,8.0,6518
USW00023062,2023-02-10,24.2,0.09,10.8,8.0,31007
USW00023062,2023-02-11,42.3,0.07500000000000001,21.1,7.2,16002
USW00023062,2023-02-12,16.4,0.045,9.7,5.2,15841
USW00023062,2023-02-13,37.5,0.51,18.0,8.0,23020
USW00023062,2023-02-14,37.7,0.24,33.3,7.76,21333
USW00023062,2023-02-15,41.1,0.12,2.6,8.0,24520
USW00023062,2023-02-16,44.2,0.10500000000000001,10.3,7.5200000000000005,19712
USW00023062,2023-02-17,23.2,0.34500000000000003,13.8,7.2,30968
USW00023062,2023-02-18,29.7,0.015,2.2,3.7600000000000002,7461
USW00023062,2023-02-19,40.0,0.10500000000000001,5.4,7.920000000000001,29368
USW00023062,2023-02-20,35.1,0.24,13.0,8.0,34784
USW00023062,2023-02-21,40.1,0.10500000000000001,3.7,4.800000000000001,23885
USW00023062,2023-02-22,32.4,0.0,5.3,8.0,26313
USW00023062,2023-02-23,28.6,0.27,11.3,4.720000000000001,25965
USW00023062,2023-02-24,25.7,0.10500000000000001,17.9,5.04,14244
USW00023062,2023-02-25,44.7,0.0,14.0,5.6000000000000005,23138
USW00023062,2023-02-26,19.8,0.015,19.1,5.760000000000001,19442
USW00023062,2023-02-27,37.4,0.28500000000000003,27.4,8.0,27778
USW00023062,2023-02-28,42.5,0.015,1.3,6.08,27485
USW00094789,2022-12-01,18.4,0.24,4.5,6.640000000000001,10121
USW00094789,2022-12-02,36.0,0.195,5.1,8.0,33357
USW00094789,2022-12-03,28.6,0.06,6.4,7.040000000000001,9521
USW00094789,2022-12-04,54.0,0.22499999999999998,1.5,8.0,20010
USW00094789,2022-12-05,52.8,0.255,8.2,5.6000000000000005,17210
USW00094789,2022-12-06,44.3,0.03,13.6,7.920000000000001,24111
USW00094789,2022-12-07,66.1,0.06,4.9,7.920000000000001,2567
USW00094789,2022-12-08,45.7,0.12,4.8,6.24,38115
USW00094789,2022-12-09,57.4,0.03,10.6,6.720000000000001,34900
USW00094789,2022-12-10,44.8,0.34500000000000003,3.3,6.24,17074
USW00094789,2022-12-11,50.3,0.03,8.7,6.48,24781
USW00094789,2022-12-12,46.9,0.015,5.3,2.2399999999999998,31474
USW00094789,2022-12-13,36.3,0.39,8.9,0.0,26581
USW00094789,2022-12-14,18.9,0.375,12.4,6.4,35632
USW00094789,2022-12-15,13.8,0.165,17.1,5.2,21790
USW00094789,2022-12-16,17.6,0.21000000000000002,3.2,7.359999999999999,35051
USW00094789,2022-12-17,44.4,0.18,7.7,5.68,24165
USW00094789,2022-12-18,41.1,0.43499999999999994,1.2,8.0,38725
USW00094789,2022-12-19,37.6,0.18,20.0,3.6799999999999997,14750
USW00094789,2022-12-20,7.7,0.27,9.7,4.08,22966
USW00094789,2022-12-21,45.0,0.015,9.9,3.04,-3142
USW00094789,2022-12-22,35.1,0.10500000000000001,5.0,7.840000000000001,12226
USW00094789,2022-12-23,50.6,0.06,18.8,8.0,12717
USW00094789,2022-12-24,32.8,0.0,12.8,4.800000000000001,19872
USW00094789,2022-12-25,41.4,0.015,6.6,7.920000000000001,33015
USW00094789,2022-12-26,30.0,0.15000000000000002,1.2,8.0,349
USW00094789,2022-12-27,20.7,0.0,12.5,8.0,13759
USW00094789,2022-12-28,16.4,0.255,4.8,4.720000000000001,23752
USW00094789,2022-12-29,29.9,0.915,18.1,8.0,31516
USW00094789,2022-12-30,37.7,0.405,1.8,6.16,12170
USW00094789,2022-12-31,25.8,0.10500000000000001,9.6,2.4000000000000004,1408
USW00094789,2023-01-01,28.1,0.12,11.1,8.0,13346
USW00094789,2023-01-02,36.7,0.06,19.1,8.0,27855
USW00094789,2023-01-03,21.3,0.10500000000000001,0.4,8.0,15923
USW00094789,2023-01-04,17.0,0.165,21.4,8.0,21057
USW00094789,2023-01-05,9.1,0.03,13.6,5.04,37316
USW00094789,2023-01-06,35.1,0.21000000000000002,8.6,3.84,35430
USW00094789,2023-01-07,29.9,0.375,4.2,3.3600000000000003,21000
USW00094789,2023-01-08,49.5,0.36,10.0,8.0,7144
USW00094789,2023-01-09,64.1,0.30000000000000004,6.5,5.84,34346
USW00094789,2023-01-10,56.1,0.255,7.1,2.72,19825
USW00094789,2023-01-11,33.9,0.54,19.0,5.5200000000000005,34407
USW00094789,2023-01-12,44.3,0.07500000000000001,8.3,6.720000000000001,17182
USW00094789,2023-01-13,38.2,0.36,6.3,7.76,26521
USW00094789,2023-01-14,18.0,0.0,2.7,8.0,18504
USW00094789,2023-01-15,49.4,0.09,11.0,4.720000000000001,21950
USW00094789,2023-01-16,32.4,0.015,14.1,3.5200000000000005,16253
USW00094789,2023-01-17,31.5,0.03,8.4,8.0,6346
USW00094789,2023-01-18,32.5,0.015,12.3,4.64,32881
USW00094789,2023-01-19,51.9,0.09,8.7,8.0,27438
USW00094789,2023-01-20,39.0,0.12,9.2,6.4,18029
USW00094789,2023-01-21,29.9,0.615,2.5,8.0,26447
USW00094789,2023-01-22,56.8,0.03,5.5,7.76,30315
USW00094789,2023-01-23,59.7,0.03,2.9,5.120000000000001,18721
USW00094789,2023-01-24,12.2,0.255,19.5,6.640000000000001,39137
USW00094789,2023-01-25,21.1,0.315,2.3,7.120000000000001,38856
USW00094789,2023-01-26,11.5,0.09,8.2,4.88,23833
USW00094789,2023-01-27,31.9,0.195,12.3,8.0,28896
USW00094789,2023-01-28,35.8,0.07500000000000001,1.0,5.68,4373
USW00094789,2023-01-29,31.5,0.045,6.8,5.68,12251
USW00094789,2023-01-30,48.3,0.135,3.0,3.6799999999999997,11870
USW00094789,2023-01-31,59.7,0.135,27.8,5.36,3059
USW00094789,2023-02-01,50.3,0.12,25.8,5.04,17285
USW00094789,2023-02-02,42.4,0.12,3.3,3.6,21197
USW00094789,2023-02-03,54.8,0.09,20.8,3.28,20539
USW00094789,2023-02-04,53.1,0.09,3.9,7.440000000000001,17776
USW00094789,2023-02-05,19.4,0.06,6.5,6.4,29901
USW00094789,2023-02-06,29.6,0.36,15.2,6.32,25807
USW00094789,2023-02-07,36.5,0.12,6.5,8.0,23300
USW00094789,2023-02-08,27.8,0.165,12.3,8.0,34404
USW00094789,2023-02-09,31.6,0.015,8.4,7.28,21005
USW00094789,2023-02-10,40.5,0.10500000000000001,8.7,6.640000000000001,16165
USW00094789,2023-02-11,28.3,0.24,11.6,4.88,35132
USW00094789,2023-02-12,30.3,0.135,17.6,7.2,16300
USW00094789,2023-02-13,51.1,0.315,11.2,6.96,1250
USW00094789,2023-02-14,52.6,0.21000000000000002,21.0,4.800000000000001,13448
USW00094789,2023-02-15,31.6,0.15000000000000002,26.7,4.64,24089
USW00094789,2023-02-16,30.2,0.07500000000000001,4.8,4.32,16523
USW00094789,2023-02-17,38.4,0.045,19.2,3.5200000000000005,39164
USW00094789,2023-02-18,40.8,0.0,13.5,7.28,17588
USW00094789,2023-02-19,47.2,0.33,11.8,7.920000000000001,16427
USW00094789,2023-02-20,23.4,0.24,17.6,4.960000000000001,16969
USW00094789,2023-02-21,39.7,0.28500000000000003,7.1,8.0,8158
USW00094789,2023-02-22,26.7,0.09,6.2,6.4,19288
USW00094789,2023-02-23,37.1,0.07500000000000001,1.6,5.5200000000000005,14
USW00094789,2023-02-24,26.2,0.10500000000000001,20.9,6.96,29896
USW00094789,2023-02-25,58.6,0.15000000000000002,8.2,7.920000000000001,1250
USW00094789,2023-02-26,15.7,0.06,3.2,6.48,16554
USW00094789,2023-02-27,1.7,0.10500000000000001,6.9,3.7600000000000002,14909
USW00094789,2023-02-28,45.3,0.03,1.3,4.4,42498
USW00023234,2022-12-01,47.3,0.30000000000000004,3.2,6.16,-11289
USW00023234,2022-12-02,20.5,0.24,15.9,5.04,29268
USW00023234,2022-12-03,15.7,0.12,17.6,8.0,18246
USW00023234,2022-12-04,33.8,0.315,3.8,4.88,6764
USW00023234,2022-12-05,60.2,0.315,10.4,6.720000000000001,17475
USW00023234,2022-12-06,47.7,0.165,12.0,3.6799999999999997,26398
USW00023234,2022-12-07,26.1,0.405,5.7,4.4799999999999995,33108
USW00023234,2022-12-08,52.6,0.045,8.0,7.040000000000001,27743
USW00023234,2022-12-09,25.1,0.15000000000000002,11.4,6.4,8381
USW00023234,2022-12-10,53.3,0.34500000000000003,9.3,8.0,27200
USW00023234,2022-12-11,22.0,0.21000000000000002,6.3,4.5600000000000005,29032
USW00023234,2022-12-12,64.3,0.165,2.1,7.68,26296
USW00023234,2022-12-13,14.1,0.34500000000000003,12.7,8.0,29989
USW00023234,2022-12-14,44.9,0.10500000000000001,17.7,6.16,29098
USW00023234,2022-12-15,17.2,0.10500000000000001,5.6,8.0,8969
USW00023234,2022-12-16,17.1,0.06,1.6,4.0,20563
USW00023234,2022-12-17,39.0,0.33,10.8,5.84,38346
USW00023234,2022-12-18,55.2,0.10500000000000001,10.2,4.5600000000000005,30361
USW00023234,2022-12-19,41.1,0.135,11.3,7.28,25675
USW00023234,2022-12-20,45.0,0.09,1.9,4.800000000000001,31698
USW00023234,2022-12-21,18.1,0.0,10.6,8.0,12302
USW00023234,2022-12-22,35.1,0.33,12.9,8.0,11383
USW00023234,2022-12-23,46.8,0.22499999999999998,7.2,6.4,14466
USW00023234,2022-12-24,46.0,0.255,1.8,8.0,19457
USW00023234,2022-12-25,38.6,0.27,5.1,6.0,10670
USW00023234,2022-12-26,38.3,0.03,9.5,6.48,10595
USW00023234,2022-12-27,34.2,0.06,1.4,8.0,8416
USW00023234,2022-12-28,37.2,0.195,6.5,2.4000000000000004,12804
USW00023234,2022-12-29,38.0,0.15000000000000002,30.1,6.0,24993
USW00023234,2022-12-30,13.5,0.5249999999999999,14.7,8.0,23286
USW00023234,2022-12-31,64.7,0.24,6.6,4.960000000000001,22100
USW00023234,2023-01-01,37.5,0.045,6.4,7.68,28470
USW00023234,2023-01-02,34.1,0.06,9.5,4.4799999999999995,24583
USW00023234,2023-01-03,57.6,0.07500000000000001,10.7,4.5600000000000005,35143
USW00023234,2023-01-04,38.2,0.405,12.1,6.0,14211
USW00023234,2023-01-05,33.4,0.09,8.7,7.440000000000001,9767
USW00023234,2023-01-06,5.9,0.21000000000000002,17.6,0.96,24128
USW00023234,2023-01-07,38.2,0.045,9.6,6.24,9525
USW00023234,2023-01-08,23.0,0.24,11.0,8.0,13348
USW00023234,2023-01-09,36.1,0.18,2.8,3.04,24765
USW00023234,2023-01-10,38.3,0.405,4.9,8.0,32163
USW00023234,2023-01-11,15.1,0.195,6.0,5.760000000000001,22862
USW00023234,2023-01-12,35.4,0.03,6.5,8.0,23610
USW00023234,2023-01-13,29.8,0.09,5.5,2.72,20167
USW00023234,2023-01-14,30.8,0.165,3.0,8.0,20443
USW00023234,2023-01-15,37.4,0.165,7.5,3.44,22528
USW00023234,2023-01-16,19.2,0.0,2.7,8.0,442
USW00023234,2023-01-17,58.6,0.255,9.0,6.24,10341
USW00023234,2023-01-18,55.7,0.18,15.4,8.0,15193
USW00023234,2023-01-19,37.4,0.06,13.9,8.0,17857
USW00023234,2023-01-20,60.8,0.015,6.4,5.920000000000001,27074
USW00023234,2023-01-21,31.6,0.22499999999999998,2.4,7.920000000000001,3567
USW00023234,2023-01-22,58.3,0.51,5.8,3.2,29309
USW00023234,2023-01-23,15.7,0.795,7.5,3.3600000000000003,13269
USW00023234,2023-01-24,12.2,0.15000000000000002,4.6,8.0,26084
USW00023234,2023-01-25,35.8,0.03,4.8,5.36,17299
USW00023234,2023-01-26,42.9,0.135,0.6,8.0,18740
USW00023234,2023-01-27,42.2,0.06,11.1,8.0,-2040
USW00023234,2023-01-28,41.7,0.27,5.3,4.0,15261
USW00023234,2023-01-29,12.1,0.135,8.4,6.56,9655
USW00023234,2023-01-30,43.5,0.165,6.5,8.0,30685
USW00023234,2023-01-31,41.7,0.12,4.4,2.8800000000000003,16690
USW00023234,2023-02-01,41.5,0.06,8.9,4.08,9521
USW00023234,2023-02-02,24.1,0.315,6.7,8.0,34143
USW00023234,2023-02-03,31.5,0.06,7.3,5.6000000000000005,23106
USW00023234,2023-02-04,63.5,0.10500000000000001,5.0,8.0,21572
USW00023234,2023-02-05,15.5,0.66,11.4,8.0,13620
USW00023234,2023-02-06,65.7,0.09,4.6,8.0,16822
USW00023234,2023-02-07,0.5,0.10500000000000001,3.1,8.0,16371
USW00023234,2023-02-08,47.2,0.22499999999999998,11.7,8.0,16662
USW00023234,2023-02-09,28.9,0.06,10.1,6.96,16201
USW00023234,2023-02-10,78.3,0.07500000000000001,5.0,7.28,17782
USW00023234,2023-02-11,-4.6,0.10500000000000001,8.2,4.4,23064
USW00023234,2023-02-12,34.0,0.27,7.6,8.0,6532
USW00023234,2023-02-13,33.7,0.045,5.1,7.040000000000001,22726
USW00023234,2023-02-14,59.0,0.28500000000000003,4.4,5.04,42669
USW00023234,2023-02-15,42.2,0.045,15.6,8.0,41374
USW00023234,2023-02-16,30.2,0.03,5.3,3.44,17527
USW00023234,2023-02-17,22.0,0.22499999999999998,8.0,7.920000000000001,36921
USW00023234,2023-02-18,26.8,0.07500000000000001,4.1,7.68,18365
USW00023234,2023-02-19,26.9,0.18,1.0,4.960000000000001,18860
USW00023234,2023-02-20,24.2,0.015,12.2,4.800000000000001,18507
USW00023234,2023-02-21,55.3,0.03,9.6,7.5200000000000005,960
USW00023234,2023-02-22,31.6,0.03,4.9,0.8,121
USW00023234,2023-02-23,4.1,0.03,8.8,8.0,7965
USW00023234,2023-02-24,66.0,0.03,24.6,5.920000000000001,19079
USW00023234,2023-02-25,30.0,0.18,2.9,5.84,15333
USW00023234,2023-02-26,41.1,0.0,10.3,5.920000000000001,18847
USW00023234,2023-02-27,42.4,0.015,5.6,6.800000000000001,28909
USW00023234,2023-02-28,9.6,0.12,28.0,2.8800000000000003,12131
USW00024233,2022-12-01,48.2,0.06,9.6,5.920000000000001,10142
USW00024233,2022-12-02,17.1,0.33,1.8,7.28,34555
USW00024233,2022-12-03,11.9,0.12,5.6,8.0,19569
USW00024233,2022-12-04,31.1,0.03,26.7,8.0,42998
USW00024233,2022-12-05,12.7,0.15000000000000002,10.8,8.0,931
USW00024233,2022-12-06,49.2,0.09,0.7,7.920000000000001,38365
USW00024233,2022-12-07,33.7,0.12,9.1,6.24,22479
USW00024233,2022-12-08,45.3,0.255,11.4,8.0,28598
USW00024233,2022-12-09,47.5,0.045,10.5,5.84,12893
USW00024233,2022-12-10,22.7,0.015,15.1,8.0,34897
USW00024233,2022-12-11,33.5,0.18,8.9,8.0,37748
USW00024233,2022-12-12,35.2,0.06,3.6,5.68,17512
USW00024233,2022-12-13,59.9,0.06,17.4,5.68,34220
USW00024233,2022-12-14,3.1,0.06,4.1,8.0,33310
USW00024233,2022-12-15,19.0,0.10500000000000001,10.1,8.0,38245
USW00024233,2022-12-16,63.3,0.18,3.8,7.440000000000001,23561
USW00024233,2022-12-17,47.1,0.03,16.7,4.720000000000001,12588
USW00024233,2022-12-18,21.8,0.24,3.0,2.32,27654
USW00024233,2022-12-19,21.2,0.06,12.1,8.0,22726
USW00024233,2022-12-20,28.8,0.06,1.4,6.16,32549
USW00024233,2022-12-21,37.7,0.34500000000000003,20.2,0.0,13768
USW00024233,2022-12-22,30.7,0.18,21.7,3.12,20998
USW00024233,2022-12-23,33.7,0.015,5.1,6.800000000000001,26647
USW00024233,2022-12-24,23.9,0.5700000000000001,3.8,5.36,26878
USW00024233,2022-12-25,13.6,0.22499999999999998,7.4,6.800000000000001,13096
USW00024233,2022-12-26,38.8,0.10500000000000001,3.2,0.4,10839
USW00024233,2022-12-27,35.5,0.39,9.8,2.72,12827
USW00024233,2022-12-28,57.3,0.07500000000000001,15.6,5.120000000000001,22110
USW00024233,2022-12-29,24.5,0.03,9.7,5.68,27258
USW00024233,2022-12-30,39.8,0.135,21.4,1.6800000000000002,27365
USW00024233,2022-12-31,46.1,0.135,14.2,7.68,8660
USW00024233,2023-01-01,17.0,0.06,11.0,3.9200000000000004,20437
USW00024233,2023-01-02,48.0,0.07500000000000001,5.2,6.720000000000001,14943
USW00024233,2023-01-03,27.3,0.015,11.0,6.800000000000001,8190
USW00024233,2023-01-04,34.2,0.045,32.2,8.0,19764
USW00024233,2023-01-05,33.1,0.10500000000000001,1.1,5.760000000000001,17848
USW00024233,2023-01-06,22.9,0.18,6.7,5.84,14358
USW00024233,2023-01-07,46.6,0.015,20.1,6.640000000000001,20842
USW00024233,2023-01-08,15.5,0.27,11.8,4.88,13977
USW00024233,2023-01-09,23.9,0.07500000000000001,10.4,6.24,11759
USW00024233,2023-01-10,25.8,0.48,5.8,0.0,31786
USW00024233,2023-01-11,52.7,0.10500000000000001,6.2,8.0,29318
USW00024233,2023-01-12,59.0,0.195,2.1,5.6000000000000005,11127
USW00024233,2023-01-13,19.8,0.165,3.7,6.96,7264
USW00024233,2023-01-14,1.0,0.045,6.5,8.0,25037
USW00024233,2023-01-15,25.4,0.28500000000000003,15.9,8.0,21533
USW00024233,2023-01-16,28.3,0.07500000000000001,11.5,4.24,28061
USW00024233,2023-01-17,33.7,0.30000000000000004,10.8,6.0,7474
USW00024233,2023-01-18,28.7,0.12,7.5,8.0,18686
USW00024233,2023-01-19,36.8,0.22499999999999998,14.7,5.84,27879
USW00024233,2023-01-20,38.5,0.07500000000000001,17.1,8.0,16114
USW00024233,2023-01-21,36.8,0.07500000000000001,10.0,5.920000000000001,13981
USW00024233,2023-01-22,27.8,0.28500000000000003,27.7,8.0,18533
USW00024233,2023-01-23,46.4,0.46499999999999997,10.3,8.0,11770
USW00024233,2023-01-24,63.4,0.015,3.4,5.68,34231
USW00024233,2023-01-25,72.7,0.03,12.4,8.0,20052
USW00024233,2023-01-26,59.5,0.21000000000000002,12.8,6.800000000000001,29072
USW00024233,2023-01-27,35.2,0.03,5.7,4.720000000000001,15277
USW00024233,2023-01-28,41.8,0.06,5.4,3.3600000000000003,21155
USW00024233,2023-01-29,33.4,0.015,20.8,4.5600000000000005,27661
USW00024233,2023-01-30,48.6,0.12,7.3,4.08,24512
USW00024233,2023-01-31,41.8,0.30000000000000004,27.7,5.44,26350
USW00024233,2023-02-01,25.6,0.03,13.2,5.44,6565
USW00024233,2023-02-02,36.3,0.06,8.5,5.5200000000000005,31970
USW00024233,2023-02-03,47.2,0.375,13.1,7.359999999999999,34145
USW00024233,2023-02-04,36.0,0.03,22.6,5.2,19826
USW00024233,2023-02-05,53.2,0.045,16.7,6.32,26239
USW00024233,2023-02-06,47.9,0.045,10.2,8.0,12243
USW00024233,2023-02-07,53.0,0.10500000000000001,7.5,8.0,12271
USW00024233,2023-02-08,27.9,0.27,26.5,4.0,27374
USW00024233,2023-02-09,4.6,0.27,11.9,7.76,19959
USW00024233,2023-02-10,39.2,0.09,34.9,5.84,24016
USW00024233,2023-02-11,21.8,0.36,1.5,8.0,11493
USW00024233,2023-02-12,-3.2,0.015,17.8,3.28,12330
USW00024233,2023-02-13,28.8,0.045,11.1,6.96,26064
USW00024233,2023-02-14,42.1,0.06,7.7,4.4799999999999995,35639
USW00024233,2023-02-15,29.7,0.39,13.4,8.0,19075
USW00024233,2023-02-16,16.2,0.44999999999999996,5.4,8.0,31116
USW00024233,2023-02-17,20.7,0.015,5.7,8.0,21329
USW00024233,2023-02-18,36.6,0.045,4.4,5.36,35499
USW00024233,2023-02-19,22.4,0.10500000000000001,5.5,7.2,12595
USW00024233,2023-02-20,31.3,0.10500000000000001,4.3,8.0,15672
USW00024233,2023-02-21,36.6,0.045,8.1,4.800000000000001,23363
USW00024233,2023-02-22,24.6,0.015,16.0,8.0,25904
USW00024233,2023-02-23,9.4,0.18,11.0,6.32,6945
USW00024233,2023-02-24,37.8,0.255,9.2,3.3600000000000003,26242
USW00024233,2023-02-25,39.0,0.135,3.3,6.800000000000001,27915
USW00024233,2023-02-26,24.8,0.315,2.9,7.040000000000001,11021
USW00024233,2023-02-27,52.0,0.5249999999999999,4.8,2.5600000000000005,-4886
USW00024233,2023-02-28,44.7,0.33,18.6,4.800000000000001,35709
USW00023169,2022-12-01,44.8,0.165,10.2,8.0,19584
USW00023169,2022-12-02,58.1,0.09,4.4,7.2,8086
USW00023169,2022-12-03,24.2,0.24,4.3,3.2,17253
USW00023169,2022-12-04,41.8,0.405,6.3,4.88,26934
USW00023169,2022-12-05,31.4,0.0,13.0,3.3600000000000003,17042
USW00023169,2022-12-06,45.0,0.18,6.7,5.44,22272
USW00023169,2022-12-07,20.7,0.10500000000000001,7.0,1.6800000000000002,20930
USW00023169,2022-12-08,49.2,0.06,39.8,8.0,13809
USW00023169,2022-12-09,40.4,0.195,6.9,3.9200000000000004,14613
USW00023169,2022-12-10,67.0,0.42000000000000004,9.5,6.800000000000001,15277
USW00023169,2022-12-11,36.7,0.15000000000000002,11.7,3.04,-2283
USW00023169,2022-12-12,29.1,0.255,10.9,5.36,44101
USW00023169,2022-12-13,23.9,0.07500000000000001,3.8,6.720000000000001,20528
USW00023169,2022-12-14,34.2,0.28500000000000003,3.4,0.08000000000000002,37164
USW00023169,2022-12-15,47.7,0.0,2.3,3.04,14334
USW00023169,2022-12-16,32.2,0.015,1.8,6.08,31484
USW00023169,2022-12-17,25.1,0.10500000000000001,10.6,3.6799999999999997,6569
USW00023169,2022-12-18,17.9,0.015,5.7,8.0,21473
USW00023169,2022-12-19,41.4,0.30000000000000004,22.4,5.2,29615
USW00023169,2022-12-20,43.2,0.54,5.6,8.0,35182
USW00023169,2022-12-21,10.6,0.15000000000000002,1.4,8.0,10304
USW00023169,2022-12-22,34.3,0.09,15.7,5.120000000000001,17347
USW00023169,2022-12-23,60.3,0.15000000000000002,16.0,6.16,33448
USW00023169,2022-12-24,39.7,0.30000000000000004,8.7,8.0,26496
USW00023169,2022-12-25,29.5,0.06,0.4,6.48,13189
USW00023169,2022-12-26,28.5,0.0,5.9,5.760000000000001,14504
USW00023169,2022-12-27,40.1,0.22499999999999998,5.8,5.6000000000000005,16252
USW00023169,2022-12-28,23.4,0.22499999999999998,18.7,4.720000000000001,28790
USW00023169,2022-12-29,54.0,0.06,9.8,8.0,32280
USW00023169,2022-12-30,39.0,0.03,6.4,8.0,15705
USW00023169,2022-12-31,31.8,0.495,5.7,8.0,35333
USW00023169,2023-01-01,18.8,0.06,19.4,8.0,21828
USW00023169,2023-01-02,43.2,0.315,5.4,6.32,9854
USW00023169,2023-01-03,25.3,0.6900000000000001,10.4,8.0,1431
USW00023169,2023-01-04,54.3,0.10500000000000001,2.6,3.04,13279
USW00023169,2023-01-05,21.9,0.18,4.4,7.76,13599
USW00023169,2023-01-06,25.6,0.0,4.3,1.36,12734
USW00023169,2023-01-07,45.0,0.12,13.4,4.08,33996
USW00023169,2023-01-08,42.2,0.495,3.5,7.440000000000001,16278
USW00023169,2023-01-09,60.7,0.06,9.3,4.08,17729
USW00023169,2023-01-10,29.9,0.0,15.9,8.0,30039
USW00023169,2023-01-11,17.8,0.22499999999999998,4.8,5.5200000000000005,19043
USW00023169,2023-01-12,21.4,0.015,16.0,6.800000000000001,-3501
USW00023169,2023-01-13,5.7,0.045,6.6,8.0,36535
USW00023169,2023-01-14,42.4,0.135,2.6,4.5600000000000005,9802
USW00023169,2023-01-15,-5.4,0.045,6.8,5.44,22033
USW00023169,2023-01-16,51.1,0.06,5.1,1.8399999999999999,27794
USW00023169,2023-01-17,31.0,0.045,15.2,5.760000000000001,19386
USW00023169,2023-01-18,47.6,0.315,6.8,6.48,10064
USW00023169,2023-01-19,38.1,0.10500000000000001,16.4,6.48,6366
USW00023169,2023-01-20,27.3,0.045,8.5,3.2,10633
USW00023169,2023-01-21,-0.9,0.18,10.9,8.0,4252
USW00023169,2023-01-22,57.8,0.10500000000000001,4.8,2.2399999999999998,3565
USW00023169,2023-01-23,42.3,0.06,8.1,6.16,26377
USW00023169,2023-01-24,49.1,0.045,4.3,6.08,8829
USW00023169,2023-01-25,31.8,0.09,7.7,6.88,23286
USW00023169,2023-01-26,14.8,0.0,0.4,1.4400000000000002,26301
USW00023169,2023-01-27,27.4,0.06,3.3,8.0,17599
USW00023169,2023-01-28,24.8,0.06,1.7,5.68,23530
USW00023169,2023-01-29,23.8,0.06,8.2,2.4800000000000004,37873
USW00023169,2023-01-30,52.2,0.015,16.9,6.640000000000001,27318
USW00023169,2023-01-31,24.0,0.36,1.2,5.84,27083
USW00023169,2023-02-01,56.3,0.18,4.5,6.0,16299
USW00023169,2023-02-02,10.5,0.15000000000000002,11.9,8.0,11773
USW00023169,2023-02-03,29.5,0.18,7.7,4.16,29861
USW00023169,2023-02-04,60.5,0.195,11.1,6.88,32218
USW00023169,2023-02-05,51.4,0.18,7.0,5.2,20885
USW00023169,2023-02-06,13.7,0.06,9.9,3.9200000000000004,46264
USW00023169,2023-02-07,16.2,0.43499999999999994,3.0,8.0,18570
USW00023169,2023-02-08,21.4,0.015,26.1,7.76,22468
USW00023169,2023-02-09,14.1,0.315,22.7,8.0,22407
USW00023169,2023-02-10,65.5,0.015,6.5,3.84,10842
USW00023169,2023-02-11,55.7,0.33,20.1,6.08,21166
USW00023169,2023-02-12,42.6,0.24,1.6,6.16,13608
USW00023169,2023-02-13,32.1,0.045,7.8,4.960000000000001,20895
USW00023169,2023-02-14,21.1,0.0,24.8,7.840000000000001,31024
USW00023169,2023-02-15,19.3,0.135,7.9,5.84,13817
USW00023169,2023-02-16,14.0,0.15000000000000002,10.2,4.32,22243
USW00023169,2023-02-17,3.8,0.48,6.8,7.76,8381
USW00023169,2023-02-18,30.3,0.045,4.0,4.4799999999999995,2053
USW00023169,2023-02-19,32.1,0.165,15.9,5.920000000000001,32232
USW00023169,2023-02-20,37.9,0.27,6.2,5.2,27085
USW00023169,2023-02-21,24.9,0.135,5.7,2.9600000000000004,29479
USW00023169,2023-02-22,54.6,0.135,14.7,5.28,13229
USW00023169,2023-02-23,31.7,0.0,5.3,5.28,31272
USW00023169,2023-02-24,52.6,0.045,1.6,3.6799999999999997,19925
USW00023169,2023-02-25,23.2,0.045,3.3,2.08,11747
USW00023169,2023-02-26,20.7,0.06,8.6,3.3600000000000003,15135
USW00023169,2023-02-27,39.6,0.405,7.7,6.32,22159
USW00023169,2023-02-28,46.0,0.10500000000000001,10.3,8.0,13986
USW00012815,2022-12-01,40.4,0.07500000000000001,1.4,5.44,29471
USW00012815,2022-12-02,27.1,0.06,10.9,6.32,15466
USW00012815,2022-12-03,69.0,0.72,33.7,3.2,6666
USW00012815,2022-12-04,48.2,0.195,9.8,7.359999999999999,6091
USW00012815,2022-12-05,57.6,0.06,8.6,3.6799999999999997,29789
USW00012815,2022-12-06,58.9,0.015,8.3,6.96,34927
USW00012815,2022-12-07,16.6,0.30000000000000004,3.9,8.0,14309
USW00012815,2022-12-08,31.1,0.18,12.1,6.4,34628
USW00012815,2022-12-09,20.8,0.045,16.7,2.4000000000000004,29411
USW00012815,2022-12-10,32.1,0.44999999999999996,9.4,2.8000000000000003,6323
USW00012815,2022-12-11,50.3,0.09,5.9,5.04,15417
USW00012815,2022-12-12,35.7,0.015,10.1,3.7600000000000002,20674
USW00012815,2022-12-13,22.5,0.135,3.9,6.720000000000001,32382
USW00012815,2022-12-14,51.4,0.045,8.7,5.120000000000001,21320
USW00012815,2022-12-15,45.6,0.405,14.5,7.6000000000000005,17102
USW00012815,2022-12-16,16.3,0.07500000000000001,12.7,3.44,32533
USW00012815,2022-12-17,25.5,0.34500000000000003,28.2,4.0,21710
USW00012815,2022-12-18,27.6,0.03,7.9,8.0,27983
USW00012815,2022-12-19,25.5,0.99,6.8,6.08,5882
USW00012815,2022-12-20,21.0,0.43499999999999994,13.7,8.0,10046
USW00012815,2022-12-21,35.4,0.015,11.5,4.32,33949
USW00012815,2022-12-22,33.6,0.045,3.1,6.640000000000001,12957
USW00012815,2022-12-23,13.4,0.39,7.1,8.0,15174
USW00012815,2022-12-24,18.1,0.21000000000000002,6.2,6.640000000000001,22917
USW00012815,2022-12-25,37.8,0.10500000000000001,1.2,8.0,17645
USW00012815,2022-12-26,45.6,0.015,4.0,7.840000000000001,26561
USW00012815,2022-12-27,24.0,0.33,6.5,8.0,34579
USW00012815,2022-12-28,44.5,0.10500000000000001,7.9,7.120000000000001,18393
USW00012815,2022-12-29,14.9,0.135,4.8,4.720000000000001,12873
USW00012815,2022-12-30,27.2,0.135,2.2,8.0,2695
USW00012815,2022-12-31,3.7,0.24,12.7,8.0,13096
USW00012815,2023-01-01,24.7,0.44999999999999996,7.5,2.9600000000000004,28248
USW00012815,2023-01-02,46.7,0.0,8.8,7.120000000000001,9945
USW00012815,2023-01-03,31.2,0.06,2.7,6.4,3462
USW00012815,2023-01-04,35.3,0.10500000000000001,14.2,8.0,26095
USW00012815,2023-01-05,42.3,0.03,9.4,5.920000000000001,17031
USW00012815,2023-01-06,18.7,0.03,15.2,5.44,21504
USW00012815,2023-01-07,41.4,0.10500000000000001,7.2,4.88,24114
USW00012815,2023-01-08,20.4,0.015,9.3,3.5200000000000005,17742
USW00012815,2023-01-09,22.6,0.21000000000000002,28.5,5.120000000000001,42360
USW00012815,2023-01-10,32.3,0.195,24.6,6.800000000000001,8759
USW00012815,2023-01-11,25.7,0.495,0.6,6.720000000000001,29593
USW00012815,2023-01-12,32.1,0.015,17.9,8.0,13008
USW00012815,2023-01-13,31.3,0.06,1.9,4.64,22868
USW00012815,2023-01-14,11.8,0.33,3.2,7.28,25400
USW00012815,2023-01-15,21.5,0.315,21.1,8.0,15580
USW00012815,2023-01-16,39.2,0.15000000000000002,8.2,5.120000000000001,14199
USW00012815,2023-01-17,44.4,0.34500000000000003,9.2,5.2,15091
USW00012815,2023-01-18,38.6,0.165,11.5,3.7600000000000002,15902
USW00012815,2023-01-19,61.1,0.255,15.2,8.0,-5921
USW00012815,2023-01-20,26.3,0.30000000000000004,2.7,5.28,7166
USW00012815,2023-01-21,22.3,0.0,7.6,5.6000000000000005,14621
USW00012815,2023-01-22,44.1,0.315,2.0,7.920000000000001,18420
USW00012815,2023-01-23,48.2,0.28500000000000003,17.6,6.32,5310
USW00012815,2023-01-24,35.3,0.10500000000000001,4.9,7.359999999999999,6642
USW00012815,2023-01-25,60.5,0.27,16.1,7.120000000000001,22001
USW00012815,2023-01-26,57.0,0.12,2.5,5.120000000000001,38045
USW00012815,2023-01-27,41.1,0.44999999999999996,3.7,3.12,16124
USW00012815,2023-01-28,49.7,0.09,19.3,7.2,17712
USW00012815,2023-01-29,48.7,0.15000000000000002,14.4,4.08,23801
USW00012815,2023-01-30,50.4,0.12,3.1,5.2,14805
USW00012815,2023-01-31,21.8,0.015,14.0,7.76,11547
USW00012815,2023-02-01,28.3,0.10500000000000001,17.0,8.0,24944
USW00012815,2023-02-02,34.7,0.09,27.7,8.0,21139
USW00012815,2023-02-03,20.4,0.06,7.1,8.0,33448
USW00012815,2023-02-04,52.0,0.6900000000000001,7.3,7.840000000000001,14888
USW00012815,2023-02-05,55.9,0.12,4.0,4.32,18830
USW00012815,2023-02-06,8.8,0.03,16.7,2.72,22560
USW00012815,2023-02-07,49.7,0.15000000000000002,27.3,4.08,29066
USW00012815,2023-02-08,63.3,0.34500000000000003,5.6,6.0,22220
USW00012815,2023-02-09,3.3,0.195,2.8,6.32,11996
USW00012815,2023-02-10,26.4,0.375,5.2,7.76,9785
USW00012815,2023-02-11,16.5,0.135,12.9,7.68,9417
USW00012815,2023-02-12,11.5,0.015,2.2,8.0,19662
USW00012815,2023-02-13,34.9,0.03,27.9,8.0,1787
USW00012815,2023-02-14,30.2,0.06,36.1,7.840000000000001,18184
USW00012815,2023-02-15,33.2,0.06,7.9,5.920000000000001,187
USW00012815,2023-02-16,34.9,0.21000000000000002,19.5,5.5200000000000005,33045
USW00012815,2023-02-17,50.2,0.255,4.5,2.0,10075
USW00012815,2023-02-18,35.0,0.0,7.7,5.2,27673
USW00012815,2023-02-19,40.1,0.27,7.2,8.0,5176
USW00012815,2023-02-20,39.9,0.0,3.9,6.640000000000001,21450
USW00012815,2023-02-21,24.5,0.165,7.8,2.5600000000000005,28180
USW00012815,2023-02-22,24.1,0.78,27.2,8.0,38521
USW00012815,2023-02-23,35.0,0.045,13.1,5.5200000000000005,38991
USW00012815,2023-02-24,31.0,0.09,12.8,7.5200000000000005,24611
USW00012815,2023-02-25,35.3,0.195,9.8,7.2,21851
USW00012815,2023-02-26,18.8,0.46499999999999997,4.4,7.440000000000001,15485
USW00012815,2023-02-27,27.9,0.10500000000000001,10.6,1.52,20913
USW00012815,2023-02-28,47.4,0.03,8.3,8.0,15663
USW00012839,2022-12-01,51.7,0.255,16.6,5.44,12015
USW00012839,2022-12-02,-13.8,0.165,14.6,8.0,31534
USW00012839,2022-12-03,36.4,0.09,40.2,4.32,18046
USW00012839,2022-12-04,42.5,0.195,8.8,2.8000000000000003,16637
USW00012839,2022-12-05,30.9,0.09,1.9,7.359999999999999,20602
USW00012839,2022-12-06,42.2,0.405,12.0,8.0,11361
USW00012839,2022-12-07,17.3,0.10500000000000001,6.0,7.120000000000001,30585
USW00012839,2022-12-08,30.8,0.15000000000000002,3.2,2.4000000000000004,17813
USW00012839,2022-12-09,29.4,0.48,18.4,8.0,24875
USW00012839,2022-12-10,42.2,0.0,6.2,8.0,23478
USW00012839,2022-12-11,5.5,0.15000000000000002,0.4,3.6799999999999997,13073
USW00012839,2022-12-12,53.6,0.315,13.3,3.9200000000000004,16306
USW00012839,2022-12-13,33.3,0.09,14.9,6.16,21876
USW00012839,2022-12-14,38.9,0.06,10.5,8.0,34568
USW00012839,2022-12-15,27.6,0.015,2.9,5.120000000000001,13508
USW00012839,2022-12-16,30.2,0.10500000000000001,6.9,8.0,-2014
USW00012839,2022-12-17,39.1,0.12,4.6,6.48,16626
USW00012839,2022-12-18,19.9,0.07500000000000001,13.9,8.0,2422
USW00012839,2022-12-19,34.2,0.03,12.9,8.0,16695
USW00012839,2022-12-20,26.6,0.06,2.6,6.32,18060
USW00012839,2022-12-21,32.2,0.12,10.4,8.0,36168
USW00012839,2022-12-22,51.0,0.12,1.6,3.3600000000000003,37131
USW00012839,2022-12-23,43.4,0.03,8.3,2.8800000000000003,24394
USW00012839,2022-12-24,25.1,0.03,13.4,2.16,27803
USW00012839,2022-12-25,29.8,0.165,2.5,5.04,23352
USW00012839,2022-12-26,42.9,0.015,6.1,7.120000000000001,-9269
USW00012839,2022-12-27,-13.1,0.54,18.4,6.800000000000001,21926
USW00012839,2022-12-28,2.0,0.07500000000000001,7.9,4.64,5613
USW00012839,2022-12-29,42.7,0.045,3.9,7.5200000000000005,19016
USW00012839,2022-12-30,19.9,0.36,3.3,7.359999999999999,11907
USW00012839,2022-12-31,41.2,0.375,7.2,5.28,25577
USW00012839,2023-01-01,41.1,0.75,13.3,5.68,22948
USW00012839,2023-01-02,54.9,0.10500000000000001,8.2,5.28,23492
USW00012839,2023-01-03,40.8,0.48,21.8,8.0,14444
USW00012839,2023-01-04,30.0,0.27,11.9,6.32,-2861
USW00012839,2023-01-05,27.6,0.195,11.9,0.7200000000000001,10861
USW00012839,2023-01-06,29.5,0.03,20.5,5.120000000000001,11787
USW00012839,2023-01-07,43.3,0.28500000000000003,12.7,5.2,22725
USW00012839,2023-01-08,41.7,0.045,13.6,8.0,9383
USW00012839,2023-01-09,53.8,0.015,15.9,8.0,23699
USW00012839,2023-01-10,47.7,0.06,8.0,3.5200000000000005,12555
USW00012839,2023-01-11,57.2,0.135,4.3,6.16,42610
USW00012839,2023-01-12,32.5,0.06,26.2,4.720000000000001,27474
USW00012839,2023-01-13,39.3,0.43499999999999994,16.4,6.48,7667
USW00012839,2023-01-14,30.0,0.10500000000000001,6.2,7.2,16123
USW00012839,2023-01-15,30.9,0.09,3.6,1.2000000000000002,28828
USW00012839,2023-01-16,54.7,0.015,3.1,2.9600000000000004,27193
USW00012839,2023-01-17,24.7,0.09,13.6,5.84,21490
USW00012839,2023-01-18,34.5,0.045,3.5,8.0,28879
USW00012839,2023-01-19,54.9,0.03,3.9,7.28,27383
USW00012839,2023-01-20,36.2,0.09,5.5,7.6000000000000005,37167
USW00012839,2023-01-21,46.9,0.27,9.8,4.32,24119
USW00012839,2023-01-22,43.0,0.015,10.6,7.6000000000000005,6902
USW00012839,2023-01-23,31.1,0.135,12.6,8.0,28122
USW00012839,2023-01-24,56.6,0.07500000000000001,7.4,8.0,23787
USW00012839,2023-01-25,12.1,0.28500000000000003,8.6,3.6,25717
USW00012839,2023-01-26,65.9,0.015,6.0,4.4799999999999995,24385
USW00012839,2023-01-27,22.6,0.10500000000000001,4.9,6.640000000000001,29031
USW00012839,2023-01-28,24.0,0.015,13.1,7.040000000000001,19354
USW00012839,2023-01-29,50.9,0.27,3.5,8.0,22647
USW00012839,2023-01-30,36.8,0.12,10.9,8.0,16295
USW00012839,2023-01-31,39.6,0.06,6.7,2.32,12604
USW00012839,2023-02-01,57.5,0.06,10.6,6.24,11842
USW00012839,2023-02-02,51.2,0.34500000000000003,8.2,7.440000000000001,35679
USW00012839,2023-02-03,27.8,0.06,1.8,5.84,23762
USW00012839,2023-02-04,55.0,0.6000000000000001,3.2,4.32,17278
USW00012839,2023-02-05,46.8,0.06,7.0,3.04,-346
USW00012839,2023-02-06,48.2,0.42000000000000004,12.0,1.36,26662
USW00012839,2023-02-07,33.9,0.09,5.0,3.44,11452
USW00012839,2023-02-08,47.8,0.045,6.8,8.0,13604
USW00012839,2023-02-09,60.4,0.375,4.8,5.2,28215
USW00012839,2023-02-10,34.9,0.36,19.1,8.0,23808
USW00012839,2023-02-11,24.4,0.10500000000000001,8.5,7.2,23506
USW00012839,2023-02-12,40.1,0.12,4.9,5.68,28047
USW00012839,2023-02-13,19.3,0.015,13.3,3.2,33822
USW00012839,2023-02-14,49.6,0.015,9.9,4.0,5191
USW00012839,2023-02-15,79.3,0.09,9.2,6.16,17741
USW00012839,2023-02-16,39.9,0.09,5.1,3.3600000000000003,19165
USW00012839,2023-02-17,28.8,0.015,9.0,3.2,31822
USW00012839,2023-02-18,38.5,0.165,14.1,5.44,24923
USW00012839,2023-02-19,7.8,0.045,21.0,8.0,3339
USW00012839,2023-02-20,15.7,0.09,13.7,3.12,9657
USW00012839,2023-02-21,43.9,0.09,13.9,5.36,24130
USW00012839,2023-02-22,39.9,0.07500000000000001,3.4,7.120000000000001,11661
USW00012839,2023-02-23,54.0,0.09,17.4,6.96,24018
USW00012839,2023-02-24,28.6,0.06,6.6,5.36,23237
USW00012839,2023-02-25,29.5,0.36,3.3,8.0,17160
USW00012839,2023-02-26,71.2,0.015,11.3,4.5600000000000005,36441
USW00012839,2023-02-27,24.1,0.07500000000000001,13.3,8.0,24491
USW00012839,2023-02-28,30.7,0.06,4.9,5.2,22103
USW00013881,2022-12-01,63.4,0.07500000000000001,3.1,3.5200000000000005,12701
USW00013881,2022-12-02,20.0,0.015,8.4,7.440000000000001,17000
USW00013881,2022-12-03,43.0,0.18,0.7,8.0,20144
USW00013881,2022-12-04,33.2,0.015,15.3,5.920000000000001,10656
USW00013881,2022-12-05,0.5,0.18,16.3,6.4,15685
USW00013881,2022-12-06,27.9,0.0,8.6,8.0,880
USW00013881,2022-12-07,25.8,0.18,20.4,3.84,13593
USW00013881,2022-12-08,22.5,0.045,6.6,7.68,7659
USW00013881,2022-12-09,31.0,0.03,1.8,8.0,17557
USW00013881,2022-12-10,10.7,0.03,2.3,7.5200000000000005,17497
USW00013881,2022-12-11,20.9,0.015,2.2,8.0,12482
USW00013881,2022-12-12,46.0,0.15000000000000002,5.5,4.08,28540
USW00013881,2022-12-13,30.7,0.22499999999999998,4.2,8.0,13798
USW00013881,2022-12-14,27.0,0.21000000000000002,8.6,6.4,20841
USW00013881,2022-12-15,30.4,0.03,1.2,3.5200000000000005,22936
USW00013881,2022-12-16,43.1,0.54,11.6,8.0,28690
USW00013881,2022-12-17,41.3,0.22499999999999998,14.8,8.0,5110
USW00013881,2022-12-18,27.7,0.42000000000000004,14.4,6.48,21311
USW00013881,2022-12-19,56.4,0.015,6.8,8.0,2204
USW00013881,2022-12-20,29.9,0.39,4.3,7.040000000000001,10039
USW00013881,2022-12-21,35.0,0.015,28.2,6.24,13715
USW00013881,2022-12-22,15.1,0.18,3.1,3.6,13854
USW00013881,2022-12-23,11.3,0.03,5.6,6.0,29502
USW00013881,2022-12-24,38.4,0.15000000000000002,3.9,3.44,23106
USW00013881,2022-12-25,12.3,0.24,19.9,6.4,23029
USW00013881,2022-12-26,48.6,0.045,5.6,6.16,13589
USW00013881,2022-12-27,53.5,0.015,8.7,7.920000000000001,53566
USW00013881,2022-12-28,61.2,0.18,10.4,4.24,22982
USW00013881,2022-12-29,14.3,0.15000000000000002,14.6,0.0,25844
USW00013881,2022-12-30,44.5,0.0,3.2,2.64,36799
USW00013881,2022-12-31,48.1,0.03,7.6,8.0,19927
USW00013881,2023-01-01,22.0,0.15000000000000002,8.9,7.040000000000001,16094
USW00013881,2023-01-02,51.8,0.36,6.8,7.359999999999999,33201
USW00013881,2023-01-03,37.0,0.28500000000000003,27.8,8.0,27921
USW00013881,2023-01-04,52.5,0.015,4.3,6.08,28186
USW00013881,2023-01-05,35.3,0.12,18.4,5.760000000000001,17047
USW00013881,2023-01-06,26.0,0.10500000000000001,5.5,7.28,17315
USW00013881,2023-01-07,18.0,0.195,11.6,6.08,20812
USW00013881,2023-01-08,7.7,0.07500000000000001,26.7,6.720000000000001,22916
USW00013881,2023-01-09,41.1,0.03,13.3,5.760000000000001,15981
USW00013881,2023-01-10,32.0,0.06,7.5,4.64,26800
USW00013881,2023-01-11,30.1,0.135,6.1,8.0,55190
USW00013881,2023-01-12,39.1,0.0,8.6,4.4799999999999995,12127
USW00013881,2023-01-13,27.1,0.375,13.2,7.440000000000001,13537
USW00013881,2023-01-14,33.8,0.165,9.5,5.36,32292
USW00013881,2023-01-15,7.9,0.06,3.6,6.48,25418
USW00013881,2023-01-16,46.7,0.09,6.0,3.44,17724
USW00013881,2023-01-17,39.5,0.10500000000000001,29.7,8.0,23147
USW00013881,2023-01-18,47.6,0.12,16.5,8.0,18710
USW00013881,2023-01-19,34.7,0.22499999999999998,15.5,8.0,34970
USW00013881,2023-01-20,21.0,0.045,24.3,8.0,33321
USW00013881,2023-01-21,23.8,0.15000000000000002,3.7,5.120000000000001,22011
USW00013881,2023-01-22,17.6,0.21000000000000002,6.3,4.0,17548
USW00013881,2023-01-23,44.5,0.255,13.5,8.0,20041
USW00013881,2023-01-24,63.2,0.015,2.5,6.56,20886
USW00013881,2023-01-25,8.5,0.07500000000000001,2.4,8.0,31476
USW00013881,2023-01-26,42.5,0.10500000000000001,5.6,3.6,20453
USW00013881,2023-01-27,33.9,0.165,6.6,6.0,15553
USW00013881,2023-01-28,7.9,0.09,14.4,7.68,2088
USW00013881,2023-01-29,67.5,0.0,11.4,8.0,27953
USW00013881,2023-01-30,52.2,0.06,7.2,4.4,9023
USW00013881,2023-01-31,58.5,0.12,10.8,8.0,19698
USW00013881,2023-02-01,19.2,0.255,20.9,6.16,9873
USW00013881,2023-02-02,12.7,0.21000000000000002,14.6,5.28,14589
USW00013881,2023-02-03,35.5,0.10500000000000001,1.6,6.56,25880
USW00013881,2023-02-04,26.5,0.015,8.6,7.76,22935
USW00013881,2023-02-05,42.2,0.12,8.2,1.6800000000000002,6435
USW00013881,2023-02-06,39.2,0.06,3.8,6.56,19302
USW00013881,2023-02-07,34.8,0.0,8.4,8.0,7738
USW00013881,2023-02-08,22.1,0.195,11.0,8.0,7663
USW00013881,2023-02-09,38.4,0.12,14.6,6.32,18241
USW00013881,2023-02-10,26.4,0.09,14.3,5.28,24500
USW00013881,2023-02-11,21.7,0.22499999999999998,16.9,4.720000000000001,6026
USW00013881,2023-02-12,41.2,0.15000000000000002,11.1,6.08,6938
USW00013881,2023-02-13,26.2,0.18,7.4,5.04,18254
USW00013881,2023-02-14,36.0,0.15000000000000002,12.9,4.64,29325
USW00013881,2023-02-15,32.3,0.48,7.0,8.0,26062
USW00013881,2023-02-16,49.6,0.0,3.8,6.88,29030
USW00013881,2023-02-17,62.2,0.195,3.2,3.3600000000000003,27333
USW00013881,2023-02-18,16.9,0.21000000000000002,11.2,8.0,23741
USW00013881,2023-02-19,57.3,0.015,9.5,7.040000000000001,11616
USW00013881,2023-02-20,47.4,0.015,18.7,2.32,31620
USW00013881,2023-02-21,26.3,0.045,13.3,4.4,25332
USW00013881,2023-02-22,24.6,0.03,3.1,5.5200000000000005,16375
USW00013881,2023-02-23,8.8,0.15000000000000002,6.2,5.84,32087
USW00013881,2023-02-24,3.3,0.22499999999999998,4.8,6.48,24327
USW00013881,2023-02-25,23.6,0.0,7.8,4.5600000000000005,25822
USW00013881,2023-02-26,46.0,0.03,4.3,5.760000000000001,9497
USW00013881,2023-02-27,8.6,0.09,26.5,7.040000000000001,16951
USW00013881,2023-02-28,2.4,0.39,4.7,6.720000000000001,20789
USW00023183,2022-12-01,33.4,0.03,16.5,8.0,8853
USW00023183,2022-12-02,46.3,0.015,4.3,3.5200000000000005,12452
USW00023183,2022-12-03,33.6,0.06,11.0,6.720000000000001,30335
USW00023183,2022-12-04,2.9,0.21000000000000002,21.7,3.9200000000000004,8981
USW00023183,2022-12-05,28.2,0.015,2.0,8.0,21491
USW00023183,2022-12-06,47.8,0.33,9.2,8.0,36943
USW00023183,2022-12-07,41.3,0.015,7.7,7.359999999999999,19710
USW00023183,2022-12-08,44.8,0.07500000000000001,9.2,8.0,30942
USW00023183,2022-12-09,17.0,0.5249999999999999,15.3,5.920000000000001,15456
USW00023183,2022-12-10,41.8,0.015,3.8,6.640000000000001,33096
USW00023183,2022-12-11,36.4,0.165,24.2,5.120000000000001,26397
USW00023183,2022-12-12,25.6,0.135,18.9,7.440000000000001,15820
USW00023183,2022-12-13,34.5,0.51,7.7,5.28,32710
USW00023183,2022-12-14,27.2,0.165,8.4,5.920000000000001,20136
USW00023183,2022-12-15,51.2,0.46499999999999997,7.8,5.04,7978
USW00023183,2022-12-16,60.0,0.44999999999999996,10.8,5.84,27037
USW00023183,2022-12-17,31.2,0.015,7.4,8.0,13292
USW00023183,2022-12-18,24.2,0.06,16.4,4.800000000000001,8166
USW00023183,2022-12-19,25.9,0.09,6.1,4.5600000000000005,37471
USW00023183,2022-12-20,19.6,0.12,7.8,2.16,31375
USW00023183,2022-12-21,70.8,0.21000000000000002,7.1,5.28,33951
USW00023183,2022-12-22,20.7,0.015,9.7,3.9200000000000004,16287
USW00023183,2022-12-23,56.3,0.12,13.3,4.0,21137
USW00023183,2022-12-24,15.9,0.0,10.0,5.120000000000001,6748
USW00023183,2022-12-25,49.3,0.03,7.4,7.920000000000001,3171
USW00023183,2022-12-26,40.0,0.045,5.2,8.0,22086
USW00023183,2022-12-27,37.7,0.07500000000000001,16.4,2.8800000000000003,35340
USW00023183,2022-12-28,11.7,0.07500000000000001,9.8,6.48,26567
USW00023183,2022-12-29,49.0,0.135,2.5,8.0,17687
USW00023183,2022-12-30,41.5,0.015,6.6,6.96,9961
USW00023183,2022-12-31,14.5,0.24,4.9,2.72,24593
USW00023183,2023-01-01,6.2,0.07500000000000001,6.0,3.9200000000000004,17906
USW00023183,2023-01-02,14.7,0.195,3.5,8.0,23990
USW00023183,2023-01-03,46.7,0.15000000000000002,8.8,6.24,2913
USW00023183,2023-01-04,31.0,0.015,1.3,6.720000000000001,28907
USW00023183,2023-01-05,10.2,0.43499999999999994,9.1,7.920000000000001,13188
USW00023183,2023-01-06,55.6,0.15000000000000002,2.6,7.76,22484
USW00023183,2023-01-07,34.1,0.07500000000000001,13.4,8.0,33311
USW00023183,2023-01-08,0.9,0.045,7.8,8.0,15620
USW00023183,2023-01-09,39.7,0.21000000000000002,11.9,6.4,19403
USW00023183,2023-01-10,28.4,0.015,12.3,7.76,25752
USW00023183,2023-01-11,37.1,0.44999999999999996,5.2,6.32,24884
USW00023183,2023-01-12,47.4,0.18,5.6,7.920000000000001,-1905
USW00023183,2023-01-13,42.8,0.135,16.6,4.720000000000001,22421
USW00023183,2023-01-14,54.5,0.09,13.9,2.72,20092
USW00023183,2023-01-15,23.6,0.09,12.1,6.88,36544
USW00023183,2023-01-16,12.7,0.675,7.9,2.4000000000000004,12625
USW00023183,2023-01-17,37.5,0.195,4.7,6.56,11326
USW00023183,2023-01-18,28.4,0.99,10.0,6.08,18246
USW00023183,2023-01-19,39.2,0.42000000000000004,14.9,5.36,23766
USW00023183,2023-01-20,10.4,0.045,3.8,5.5200000000000005,37011
USW00023183,2023-01-21,29.7,0.07500000000000001,12.4,7.120000000000001,23525
USW00023183,2023-01-22,46.0,0.015,16.8,8.0,10669
USW00023183,2023-01-23,28.8,0.15000000000000002,4.0,7.6000000000000005,43092
USW00023183,2023-01-24,41.0,0.03,7.3,8.0,26788
USW00023183,2023-01-25,31.7,0.045,7.3,8.0,15045
USW00023183,2023-01-26,27.3,0.015,24.0,8.0,16202
USW00023183,2023-01-27,12.1,0.07500000000000001,10.0,6.08,24724
USW00023183,2023-01-28,59.6,0.12,5.2,8.0,-1497
USW00023183,2023-01-29,51.4,0.0,1.7,5.84,41180
USW00023183,2023-01-30,59.8,0.22499999999999998,4.9,8.0,22705
USW00023183,2023-01-31,27.1,0.12,13.3,4.64,32266
USW00023183,2023-02-01,41.7,0.5700000000000001,2.0,8.0,21396
USW00023183,2023-02-02,51.1,0.09,2.0,8.0,31071
USW00023183,2023-02-03,58.0,0.315,2.6,5.68,29179
USW00023183,2023-02-04,19.2,0.07500000000000001,7.9,5.760000000000001,4682
USW00023183,2023-02-05,35.3,0.18,8.1,3.04,17675
USW00023183,2023-02-06,37.0,0.045,2.7,4.4799999999999995,7948
USW00023183,2023-02-07,30.6,0.48,3.6,6.16,19229
USW00023183,2023-02-08,31.4,0.06,4.6,0.8,12961
USW00023183,2023-02-09,27.1,0.10500000000000001,13.2,6.96,28054
USW00023183,2023-02-10,42.0,0.48,15.1,7.040000000000001,12356
USW00023183,2023-02-11,44.8,0.015,11.0,7.5200000000000005,23068
USW00023183,2023-02-12,43.1,0.06,5.1,8.0,20731
USW00023183,2023-02-13,41.3,0.24,3.2,6.88,16130
USW00023183,2023-02-14,33.3,0.15000000000000002,14.3,4.720000000000001,2332
USW00023183,2023-02-15,25.8,0.46499999999999997,5.9,7.5200000000000005,16490
USW00023183,2023-02-16,35.2,0.10500000000000001,11.2,6.08,11198
USW00023183,2023-02-17,5.4,0.10500000000000001,10.5,6.24,27240
USW00023183,2023-02-18,15.8,0.135,4.6,8.0,31004
USW00023183,2023-02-19,39.4,0.5249999999999999,2.9,4.4,4989
USW00023183,2023-02-20,39.8,0.045,1.1,7.76,30337
USW00023183,2023-02-21,28.7,0.045,14.1,0.0,29517
USW00023183,2023-02-22,7.0,0.06,21.5,7.440000000000001,13407
USW00023183,2023-02-23,46.7,0.6900000000000001,6.7,8.0,32904
USW00023183,2023-02-24,46.8,0.0,9.7,1.2000000000000002,15687
USW00023183,2023-02-25,12.1,0.12,3.3,3.84,14725
USW00023183,2023-02-26,36.8,0.48,5.7,5.68,16006
USW00023183,2023-02-27,38.4,0.375,23.2,7.120000000000001,-259
USW00023183,2023-02-28,30.3,0.46499999999999997,4.3,6.48,18066
USW00012960,2022-12-01,27.1,0.315,15.5,8.0,30972
USW00012960,2022-12-02,42.7,0.015,12.7,8.0,7098
USW00012960,2022-12-03,30.4,0.03,6.5,8.0,31398
USW00012960,2022-12-04,49.5,0.24,9.4,7.6000000000000005,27217
USW00012960,2022-12-05,29.8,0.24,2.1,8.0,12682
USW00012960,2022-12-06,24.0,0.44999999999999996,3.5,6.96,4780
USW00012960,2022-12-07,49.7,0.07500000000000001,18.3,7.840000000000001,20636
USW00012960,2022-12-08,27.0,0.15000000000000002,12.5,3.7600000000000002,19386
USW00012960,2022-12-09,44.3,0.015,3.4,8.0,29213
USW00012960,2022-12-10,29.6,0.42000000000000004,14.5,7.040000000000001,18766
USW00012960,2022-12-11,43.8,0.135,9.9,1.92,25778
USW00012960,2022-12-12,27.0,0.135,12.8,3.84,26760
USW00012960,2022-12-13,64.9,0.30000000000000004,3.5,8.0,32928
USW00012960,2022-12-14,27.9,0.28500000000000003,10.4,8.0,18598
USW00012960,2022-12-15,42.4,0.07500000000000001,8.0,5.84,3230
USW00012960,2022-12-16,37.8,0.36,28.9,4.960000000000001,16866
USW00012960,2022-12-17,39.8,0.21000000000000002,19.0,7.6000000000000005,8802
USW00012960,2022-12-18,58.2,0.06,6.3,6.96,2824
USW00012960,2022-12-19,3.6,0.015,13.5,8.0,8679
USW00012960,2022-12-20,30.1,0.34500000000000003,12.5,5.6000000000000005,11412
USW00012960,2022-12-21,45.4,0.375,21.9,6.720000000000001,27295
USW00012960,2022-12-22,6.6,0.015,23.1,7.359999999999999,30896
USW00012960,2022-12-23,54.3,0.015,11.8,4.720000000000001,22497
USW00012960,2022-12-24,45.2,0.0,11.4,8.0,20563
USW00012960,2022-12-25,29.1,0.22499999999999998,3.6,6.96,26488
USW00012960,2022-12-26,23.4,0.06,16.2,6.24,33230
USW00012960,2022-12-27,42.9,0.135,1.7,6.08,9304
USW00012960,2022-12-28,35.2,0.15000000000000002,1.6,5.28,21836
USW00012960,2022-12-29,30.0,0.0,12.0,7.840000000000001,18820
USW00012960,2022-12-30,20.9,0.06,17.1,8.0,11374
USW00012960,2022-12-31,29.2,0.07500000000000001,10.4,4.32,39792
USW00012960,2023-01-01,58.6,0.195,5.2,3.5200000000000005,13231
USW00012960,2023-01-02,38.1,0.165,5.7,5.5200000000000005,16389
USW00012960,2023-01-03,9.2,0.03,11.0,4.800000000000001,23584
USW00012960,2023-01-04,56.8,0.015,6.1,6.24,20349
USW00012960,2023-01-05,41.1,0.09,6.0,2.8800000000000003,30006
USW00012960,2023-01-06,25.6,0.22499999999999998,10.1,2.4000000000000004,15001
USW00012960,2023-01-07,-1.3,0.135,6.6,6.0,22878
USW00012960,2023-01-08,43.7,0.42000000000000004,6.1,3.5200000000000005,26151
USW00012960,2023-01-09,28.0,0.12,16.5,6.16,33234
USW00012960,2023-01-10,34.8,0.07500000000000001,11.6,2.2399999999999998,6719
USW00012960,2023-01-11,34.1,0.03,2.9,3.04,8160
USW00012960,2023-01-12,34.1,0.39,12.8,6.96,11703
USW00012960,2023-01-13,35.4,0.015,9.4,8.0,14955
USW00012960,2023-01-14,39.5,0.15000000000000002,2.8,8.0,21814
USW00012960,2023-01-15,44.4,0.12,10.4,6.32,19556
USW00012960,2023-01-16,47.1,0.015,23.6,4.88,30553
USW00012960,2023-01-17,58.2,0.10500000000000001,6.6,8.0,11455
USW00012960,2023-01-18,53.1,0.045,8.5,7.68,529
USW00012960,2023-01-19,66.5,0.07500000000000001,3.0,5.2,8801
USW00012960,2023-01-20,40.3,0.30000000000000004,5.2,6.0,37238
USW00012960,2023-01-21,39.5,0.045,27.8,6.88,26105
USW00012960,2023-01-22,36.1,0.03,5.3,5.2,13005
USW00012960,2023-01-23,70.4,0.10500000000000001,2.3,4.800000000000001,33876
USW00012960,2023-01-24,11.7,0.07500000000000001,1.9,5.6000000000000005,19578
USW00012960,2023-01-25,49.6,0.315,3.2,2.8000000000000003,33021
USW00012960,2023-01-26,31.9,0.165,6.5,6.16,11764
USW00012960,2023-01-27,41.8,0.15000000000000002,11.4,8.0,14889
USW00012960,2023-01-28,30.9,0.015,4.4,7.68,19878
USW00012960,2023-01-29,4.8,0.045,10.5,7.2,25522
USW00012960,2023-01-30,53.8,0.585,8.1,8.0,34475
USW00012960,2023-01-31,23.3,0.33,11.0,7.28,9236
USW00012960,2023-02-01,23.1,0.015,17.6,2.5600000000000005,7231
USW00012960,2023-02-02,52.6,0.15000000000000002,8.7,1.36,30838
USW00012960,2023-02-03,30.4,0.0,7.6,7.68,22443
USW00012960,2023-02-04,25.2,0.46499999999999997,12.3,8.0,26969
USW00012960,2023-02-05,58.8,0.8250000000000001,6.3,8.0,27474
USW00012960,2023-02-06,31.0,0.34500000000000003,12.7,6.32,28787
USW00012960,2023-02-07,27.8,0.03,1.8,3.6,34979
USW00012960,2023-02-08,47.4,0.0,4.9,3.6,24505
USW00012960,2023-02-09,47.4,0.06,3.5,8.0,22936
USW00012960,2023-02-10,22.5,0.12,19.3,4.64,25134
USW00012960,2023-02-11,21.2,0.045,25.0,8.0,-964
USW00012960,2023-02-12,22.6,0.015,4.3,2.9600000000000004,9355
USW00012960,2023-02-13,61.0,0.72,2.2,8.0,31936
USW00012960,2023-02-14,44.4,0.10500000000000001,3.6,8.0,7923
USW00012960,2023-02-15,50.3,0.03,12.3,7.440000000000001,18063
USW00012960,2023-02-16,60.6,0.06,7.7,7.68,34842
USW00012960,2023-02-17,38.4,0.135,1.4,2.16,22169
USW00012960,2023-02-18,59.2,0.27,3.6,4.720000000000001,22660
USW00012960,2023-02-19,27.1,0.27,3.2,4.800000000000001,12989
USW00012960,2023-02-20,56.3,0.045,30.9,6.16,13183
USW00012960,2023-02-21,5.8,0.18,13.1,3.6799999999999997,25900
USW00012960,2023-02-22,37.2,0.07500000000000001,9.6,3.6,8760
USW00012960,2023-02-23,21.6,0.165,11.4,8.0,21625
USW00012960,2023-02-24,32.6,0.165,3.0,8.0,17452
USW00012960,2023-02-25,7.6,0.0,17.0,0.7200000000000001,17401
USW00012960,2023-02-26,20.7,0.03,3.3,5.920000000000001,18179
USW00012960,2023-02-27,40.5,0.195,7.4,8.0,8631
USW00012960,2023-02-28,41.8,0.045,3.0,8.0,22943
USW00014739,2022-12-01,56.7,0.10500000000000001,8.7,5.6000000000000005,25550
USW00014739,2022-12-02,41.9,0.36,4.7,4.4799999999999995,30086
USW00014739,2022-12-03,35.0,0.045,12.3,6.720000000000001,14188
USW00014739,2022-12-04,25.2,0.06,1.1,6.640000000000001,27538
USW00014739,2022-12-05,66.1,0.36,30.8,6.24,15428
USW00014739,2022-12-06,65.0,0.045,11.0,6.88,19639
USW00014739,2022-12-07,40.1,0.045,7.0,5.120000000000001,2398
USW00014739,2022-12-08,49.4,0.03,6.9,8.0,10872
USW00014739,2022-12-09,45.7,0.09,4.2,7.359999999999999,23832
USW00014739,2022-12-10,23.4,0.015,16.3,2.08,18307
USW00014739,2022-12-11,45.2,0.135,1.5,5.6000000000000005,10408
USW00014739,2022-12-12,31.7,0.195,12.9,6.24,16906
USW00014739,2022-12-13,38.2,0.18,34.8,2.8000000000000003,10781
USW00014739,2022-12-14,46.5,0.015,4.1,6.640000000000001,12989
USW00014739,2022-12-15,24.3,0.165,11.4,6.32,19541
USW00014739,2022-12-16,42.5,0.195,7.5,7.840000000000001,18992
USW00014739,2022-12-17,24.1,0.165,10.0,8.0,27469
USW00014739,2022-12-18,45.0,0.015,3.2,8.0,22478
USW00014739,2022-12-19,24.5,0.15000000000000002,12.9,6.24,29213
USW00014739,2022-12-20,32.3,0.07500000000000001,10.7,7.120000000000001,13981
USW00014739,2022-12-21,31.3,0.07500000000000001,10.7,6.0,37889
USW00014739,2022-12-22,29.8,0.36,36.5,3.12,25786
USW00014739,2022-12-23,30.7,0.07500000000000001,21.5,7.120000000000001,28179
USW00014739,2022-12-24,39.0,0.615,11.9,7.5200000000000005,19946
USW00014739,2022-12-25,44.4,0.18,11.6,8.0,15252
USW00014739,2022-12-26,63.2,0.33,14.3,5.920000000000001,23175
USW00014739,2022-12-27,49.2,0.06,3.8,6.56,34316
USW00014739,2022-12-28,35.1,0.03,8.8,5.2,-3000
USW00014739,2022-12-29,43.1,0.03,12.9,8.0,24555
USW00014739,2022-12-30,52.2,0.255,2.0,6.0,21120
USW00014739,2022-12-31,57.8,0.10500000000000001,13.7,6.48,11415
USW00014739,2023-01-01,31.8,0.44999999999999996,1.3,7.120000000000001,10071
USW00014739,2023-01-02,7.0,0.03,8.7,8.0,20470
USW00014739,2023-01-03,18.2,0.0,16.2,5.44,3695
USW00014739,2023-01-04,45.8,0.33,26.3,5.68,-1314
USW00014739,2023-01-05,15.2,0.06,4.2,7.040000000000001,31350
USW00014739,2023-01-06,54.3,0.10500000000000001,3.9,1.4400000000000002,12228
USW00014739,2023-01-07,33.3,0.0,9.1,1.6,13683
USW00014739,2023-01-08,33.1,0.07500000000000001,5.3,4.960000000000001,24373
USW00014739,2023-01-09,46.4,0.15000000000000002,5.8,7.040000000000001,9737
USW00014739,2023-01-10,18.0,0.315,7.6,3.3600000000000003,27810
USW00014739,2023-01-11,56.9,0.03,5.9,3.12,15140
USW00014739,2023-01-12,41.0,0.09,7.6,8.0,15821
USW00014739,2023-01-13,34.6,0.15000000000000002,4.1,2.0,19889
USW00014739,2023-01-14,30.9,0.015,8.2,5.5200000000000005,20366
USW00014739,2023-01-15,25.1,0.0,2.7,8.0,14719
USW00014739,2023-01-16,49.6,0.06,6.2,6.800000000000001,33809
USW00014739,2023-01-17,29.6,0.10500000000000001,3.2,2.5600000000000005,16359
USW00014739,2023-01-18,60.4,0.03,16.0,7.5200000000000005,11229
USW00014739,2023-01-19,29.0,0.06,3.8,8.0,24226
USW00014739,2023-01-20,36.9,0.09,0.9,6.720000000000001,10994
USW00014739,2023-01-21,25.0,0.36,13.7,8.0,12044
USW00014739,2023-01-22,40.4,0.015,2.8,6.0,-3586
USW00014739,2023-01-23,4.2,0.30000000000000004,18.3,6.56,-7257
USW00014739,2023-01-24,11.3,0.015,6.0,2.9600000000000004,31967
USW00014739,2023-01-25,29.9,0.10500000000000001,8.4,8.0,31349
USW00014739,2023-01-26,44.3,0.03,13.7,4.4799999999999995,15193
USW00014739,2023-01-27,7.7,0.255,3.6,8.0,23612
USW00014739,2023-01-28,7.7,0.24,4.0,5.5200000000000005,22421
USW00014739,2023-01-29,71.3,0.63,6.4,8.0,16279
USW00014739,2023-01-30,31.1,0.255,2.1,4.32,21564
USW00014739,2023-01-31,49.2,0.135,14.8,4.64,7983
USW00014739,2023-02-01,71.8,0.06,10.8,5.68,26990
USW00014739,2023-02-02,7.6,0.375,15.6,6.720000000000001,27076
USW00014739,2023-02-03,55.2,0.06,8.4,8.0,24236
USW00014739,2023-02-04,44.4,0.12,17.0,8.0,30380
USW00014739,2023-02-05,36.2,0.22499999999999998,1.1,7.68,21356
USW00014739,2023-02-06,20.7,0.045,2.9,6.48,19394
USW00014739,2023-02-07,1.9,0.46499999999999997,14.7,5.28,33654
USW00014739,2023-02-08,69.2,0.06,8.0,6.16,32002
USW00014739,2023-02-09,37.9,0.03,20.8,4.800000000000001,33169
USW00014739,2023-02-10,51.9,0.46499999999999997,16.7,7.920000000000001,21842
USW00014739,2023-02-11,43.0,0.195,4.1,8.0,28486
USW00014739,2023-02-12,36.9,0.12,10.0,8.0,28437
USW00014739,2023-02-13,25.4,0.09,12.4,4.32,31263
USW00014739,2023-02-14,24.9,0.255,16.7,1.2800000000000002,16685
USW00014739,2023-02-15,68.9,0.24,16.7,8.0,20585
USW00014739,2023-02-16,45.1,0.06,9.2,3.6799999999999997,15078
USW00014739,2023-02-17,35.9,0.03,10.8,8.0,16973
USW00014739,2023-02-18,16.4,0.015,9.1,3.12,26829
USW00014739,2023-02-19,41.3,0.06,8.3,6.4,18547
USW00014739,2023-02-20,63.1,0.34500000000000003,4.2,6.56,28016
USW00014739,2023-02-21,19.9,0.015,17.3,6.96,19031
USW00014739,2023-02-22,45.1,0.21000000000000002,9.2,6.32,20639
USW00014739,2023-02-23,35.7,0.12,5.1,3.12,15350
USW00014739,2023-02-24,60.6,0.015,12.5,7.440000000000001,4327
USW00014739,2023-02-25,46.3,0.135,6.9,7.6000000000000005,25254
USW00014739,2023-02-26,21.1,0.07500000000000001,2.5,3.2,29581
USW00014739,2023-02-27,22.1,0.0,5.0,8.0,19496
USW00014739,2023-02-28,25.8,0.10500000000000001,10.7,8.0,26816
